kingdom,phylum,class,order,family,genus,species,infraspecificEpithet,scientificName,locality,stateProvince,decimalLatitude,decimalLongitude,eventDate,day,month,year,basisOfRecord,institutionCode,catalogNumber,identifiedBy,dateIdentified,rightsHolder,recordedBy
Animalia,Arthropoda,Insecta,Coleoptera,Buprestidae,Acmaeodera,Acmaeodera hepburnii,,"Acmaeodera hepburnii LeConte, 1860",Los Angeles County,California,,,1930-08-01T00:00:00Z,1,8,1930,PRESERVED_SPECIMEN,UA,UAIC1119138,,,University of Arizona,
Animalia,Arthropoda,Insecta,Hymenoptera,Cynipidae,Acraspis,Acraspis villosus,,Acraspis villosus Gillette,"Howell Mountain, NW Napa County",California,38.581296,-122.451091,1927-09-01T00:00:00Z,1,9,1927,PRESERVED_SPECIMEN,FMNH,FMNHINS 0003 370 424,Dr. Alfred C. Kinsey : University of Indiana,1928-01-01T00:00:00Z,The Field Mueum of Natural History,H. W. Clark
Animalia,Arthropoda,Arachnida,Araneae,Lycosidae,Alopecosa,Alopecosa kochi,,"Alopecosa kochi (Keyserling, 1877)",Los Angeles,California,34.059061,-118.364535,1936-01-01T00:00:00Z,,1,1936,PRESERVED_SPECIMEN,FMNH,FMNHINS 0002 993 064,,1978-01-01T00:00:00Z,The Field Mueum of Natural History,G. Grant
Animalia,Arthropoda,Arachnida,Araneae,Lycosidae,Alopecosa,Alopecosa kochi,,"Alopecosa kochi (Keyserling, 1877)",Los Angeles,California,34.059061,-118.364535,1936-01-01T00:00:00Z,,,1936,PRESERVED_SPECIMEN,FMNH,FMNHINS 0002 993 063,,1978-01-01T00:00:00Z,The Field Mueum of Natural History,G. Grant
Animalia,Arthropoda,Insecta,Hymenoptera,Vespidae,Ancistrocerus,Ancistrocerus tuberculocephalus,sutterianus,"Ancistrocerus tuberculocephalus sutterianus de Saussure, 1875",Los Angeles,California,34.059061,-118.364535,1936-04-26T00:00:00Z,26,4,1936,PRESERVED_SPECIMEN,FMNH,FMNHINS 0003 200 539,Dr. Joseph C. Bequaert : Museum of Comparative Zoology,,The Field Mueum of Natural History,G. Grant
Animalia,Arthropoda,Chilopoda,Geophilomorpha,Geophilidae,Arenophilus,Arenophilus iugans,,"Arenophilus iugans Chamberlin, 1944",Los Angeles,California,34.059061,-118.364535,1936-12-22T00:00:00Z,22,12,1936,PRESERVED_SPECIMEN,FMNH,FMNHINS 0000 008 410,,,The Field Mueum of Natural History,G. Grant
Animalia,Arthropoda,Insecta,Coleoptera,Tenebrionidae,Asbolus,Asbolus laevis,,"Asbolus laevis LeConte, 1851","Sand hills, W of Yuma County Arizona",California,,,1937-05-01T00:00:00Z,1,5,1937,PRESERVED_SPECIMEN,FMNH,FMNHINS 0004 112 634,R. Aalbu : California Academy of Sciences,1985-01-01T00:00:00Z,The Field Mueum of Natural History,K. P. Schmidt
Animalia,Arthropoda,Insecta,Coleoptera,Tenebrionidae,Asbolus,Asbolus laevis,,"Asbolus laevis LeConte, 1851","Sand hills, W of Yuma County Arizona",California,,,1937-05-01T00:00:00Z,1,5,1937,PRESERVED_SPECIMEN,FMNH,FMNHINS 0004 112 635,R. Aalbu : California Academy of Sciences,1985-01-01T00:00:00Z,The Field Mueum of Natural History,K. P. Schmidt
Animalia,Arthropoda,Insecta,Coleoptera,Tenebrionidae,Asbolus,Asbolus laevis,,"Asbolus laevis LeConte, 1851","Sand hills, W of Yuma County Arizona",California,,,1937-05-01T00:00:00Z,1,5,1937,PRESERVED_SPECIMEN,FMNH,FMNHINS 0004 112 636,R. Aalbu : California Academy of Sciences,1985-01-01T00:00:00Z,The Field Mueum of Natural History,K. P. Schmidt
Animalia,Arthropoda,Diplopoda,Spirobolida,Atopetholidae,Atopetholus,Atopetholus angelus,,"Atopetholus angelus Chamberlin, 1920","Los Angeles, Bishops Road Reservoir Hill",California,,,1916-01-01T00:00:00Z,,,1916,PRESERVED_SPECIMEN,FMNH,FMNHINS 0000 000 011,Ralph V. Chamberlin : University of Utah,,The Field Mueum of Natural History,G. Grant
Animalia,Arthropoda,Diplopoda,Spirobolida,Atopetholidae,Atopetholus,Atopetholus californicus,,"Atopetholus californicus Chamberlin, 1918",Los Angeles,California,34.059061,-118.364535,1935-12-22T00:00:00Z,22,12,1935,PRESERVED_SPECIMEN,FMNH,FMNHINS 0000 000 010,,,The Field Mueum of Natural History,G. Grant
Animalia,Arthropoda,Diplopoda,Spirobolida,Atopetholidae,Atopetholus,Atopetholus californicus,,"Atopetholus californicus Chamberlin, 1918",Los Angeles,California,34.059061,-118.364535,1936-12-15T00:00:00Z,15,12,1936,PRESERVED_SPECIMEN,FMNH,FMNHINS 0000 000 009,,,The Field Mueum of Natural History,G. Grant
Animalia,Arthropoda,Diplopoda,Spirobolida,Atopetholidae,Atopetholus,Atopetholus californicus,,"Atopetholus californicus Chamberlin, 1918",Los Angeles,California,34.059061,-118.364535,1936-03-01T00:00:00Z,1,3,1936,PRESERVED_SPECIMEN,FMNH,FMNHINS 0000 000 008,,,The Field Mueum of Natural History,G. Grant
Animalia,Arthropoda,Diplopoda,Spirobolida,Atopetholidae,Atopetholus,Atopetholus californicus,,"Atopetholus californicus Chamberlin, 1918",Los Angeles,California,34.059061,-118.364535,1936-03-16T00:00:00Z,16,3,1936,PRESERVED_SPECIMEN,FMNH,FMNHINS 0000 000 012,,,The Field Mueum of Natural History,G. Grant
Animalia,Arthropoda,Diplopoda,Spirobolida,Atopetholidae,Atopetholus,Atopetholus californicus,,"Atopetholus californicus Chamberlin, 1918",Los Angeles,California,34.059061,-118.364535,1936-01-05T00:00:00Z,5,1,1936,PRESERVED_SPECIMEN,FMNH,FMNHINS 0000 000 007,,,The Field Mueum of Natural History,G. Grant
Animalia,Arthropoda,Insecta,Hymenoptera,Apidae,Bombus,Bombus bifarius,,"Bombus bifarius Cresson, 1878",El Dorado County,California,,,1916-06-02T00:00:00Z,2,6,1916,PRESERVED_SPECIMEN,USDA-ARS,JPS17175,J.B. Koch 2010,,,A.C. Browne
Animalia,Arthropoda,Insecta,Hymenoptera,Apidae,Bombus,Bombus bifarius,,"Bombus bifarius Cresson, 1878",Sonoma County,California,,,1910-05-01T00:00:00Z,1,5,1910,PRESERVED_SPECIMEN,USDA-ARS,JPS22759,T.H. Frison 1926,,,J.A. Kusche
Animalia,Arthropoda,Insecta,Hymenoptera,Apidae,Bombus,Bombus bifarius,,"Bombus bifarius Cresson, 1878",El Dorado County,California,,,1916-07-04T00:00:00Z,4,7,1916,PRESERVED_SPECIMEN,USDA-ARS,JPS17161,J.B. Koch 2010,,,
Animalia,Arthropoda,Insecta,Hymenoptera,Apidae,Bombus,Bombus occidentalis,,"Bombus occidentalis Greene, 1858",Humboldt County,California,,,1932-09-11T00:00:00Z,11,9,1932,PRESERVED_SPECIMEN,USDA-ARS,JPS20250,R.S. Jacobson 1991,,,R. VanDuzen
Animalia,Arthropoda,Insecta,Hymenoptera,Apidae,Bombus,Bombus vosnesenskii,,"Bombus vosnesenskii Radoszkowski, 1862",Humboldt County,California,,,1933-03-19T00:00:00Z,19,3,1933,PRESERVED_SPECIMEN,USDA-ARS,JPS26347,R.S. Jacobson 1991,,,R. VanDuzen
Animalia,Arthropoda,Insecta,Hymenoptera,Apidae,Bombus,Bombus vosnesenskii,,"Bombus vosnesenskii Radoszkowski, 1862",Alpine County,California,,,1916-07-19T00:00:00Z,19,7,1916,PRESERVED_SPECIMEN,USDA-ARS,JPS25332,R.W. Thorp 1968,,,A.C. Brown
Animalia,Arthropoda,Insecta,Hymenoptera,Apidae,Bombus,Bombus vosnesenskii,,"Bombus vosnesenskii Radoszkowski, 1862",Alpine County,California,,,1916-07-19T00:00:00Z,19,7,1916,PRESERVED_SPECIMEN,USDA-ARS,JPS25331,R.W. Thorp 1968,,,A.C. Brown
Animalia,Arthropoda,Insecta,Hymenoptera,Apidae,Bombus,Bombus vosnesenskii,,"Bombus vosnesenskii Radoszkowski, 1862",Alpine County,California,,,1916-07-19T00:00:00Z,19,7,1916,PRESERVED_SPECIMEN,USDA-ARS,JPS25330,R.W. Thorp 1968,,,A.C. Brown
Animalia,Arthropoda,Insecta,Hymenoptera,Apidae,Bombus,Bombus vosnesenskii,,"Bombus vosnesenskii Radoszkowski, 1862",Alpine County,California,,,1916-07-19T00:00:00Z,19,7,1916,PRESERVED_SPECIMEN,USDA-ARS,JPS25329,R.W. Thorp 1968,,,A.C. Brown
Animalia,Arthropoda,Insecta,Hymenoptera,Apidae,Bombus,Bombus vosnesenskii,,"Bombus vosnesenskii Radoszkowski, 1862",Alpine County,California,,,1916-07-19T00:00:00Z,19,7,1916,PRESERVED_SPECIMEN,USDA-ARS,JPS25328,R.W. Thorp 1968,,,A.C. Brown
Animalia,Arthropoda,Insecta,Hymenoptera,Apidae,Bombus,Bombus vosnesenskii,,"Bombus vosnesenskii Radoszkowski, 1862",Alpine County,California,,,1916-07-19T00:00:00Z,19,7,1916,PRESERVED_SPECIMEN,USDA-ARS,JPS25327,R.W. Thorp 1968,,,A.C. Brown
Animalia,Arthropoda,Insecta,Hymenoptera,Apidae,Bombus,Bombus vosnesenskii,,"Bombus vosnesenskii Radoszkowski, 1862",Alpine County,California,,,1916-07-19T00:00:00Z,19,7,1916,PRESERVED_SPECIMEN,USDA-ARS,JPS25325,R.W. Thorp 1968,,,A.C. Brown
Animalia,Arthropoda,Insecta,Hymenoptera,Apidae,Bombus,Bombus vosnesenskii,,"Bombus vosnesenskii Radoszkowski, 1862",Alpine County,California,,,1916-07-19T00:00:00Z,19,7,1916,PRESERVED_SPECIMEN,USDA-ARS,JPS25324,R.W. Thorp 1968,,,A.C. Brown
Animalia,Arthropoda,Insecta,Hymenoptera,Apidae,Bombus,Bombus vosnesenskii,,"Bombus vosnesenskii Radoszkowski, 1862",Alpine County,California,,,1916-07-19T00:00:00Z,19,7,1916,PRESERVED_SPECIMEN,USDA-ARS,JPS25323,R.W. Thorp 1968,,,A.C. Brown
Animalia,Arthropoda,Insecta,Hymenoptera,Apidae,Bombus,Bombus vosnesenskii,,"Bombus vosnesenskii Radoszkowski, 1862",Alpine County,California,,,1916-07-19T00:00:00Z,19,7,1916,PRESERVED_SPECIMEN,USDA-ARS,JPS25322,R.W. Thorp 1968,,,A.C. Brown
Animalia,Arthropoda,Insecta,Hymenoptera,Apidae,Bombus,Bombus vosnesenskii,,"Bombus vosnesenskii Radoszkowski, 1862",Alpine County,California,,,1916-07-19T00:00:00Z,19,7,1916,PRESERVED_SPECIMEN,USDA-ARS,JPS25321,R.W. Thorp 1968,,,A.C. Brown
Animalia,Arthropoda,Insecta,Hymenoptera,Apidae,Bombus,Bombus vosnesenskii,,"Bombus vosnesenskii Radoszkowski, 1862",Alpine County,California,,,1916-07-19T00:00:00Z,19,7,1916,PRESERVED_SPECIMEN,USDA-ARS,JPS25320,R.W. Thorp 1968,,,A.C. Brown
Animalia,Arthropoda,Insecta,Hymenoptera,Apidae,Bombus,Bombus vosnesenskii,,"Bombus vosnesenskii Radoszkowski, 1862",Alpine County,California,,,1916-07-19T00:00:00Z,19,7,1916,PRESERVED_SPECIMEN,USDA-ARS,JPS25319,R.W. Thorp 1968,,,A.C. Brown
Animalia,Arthropoda,Insecta,Hymenoptera,Apidae,Bombus,Bombus vosnesenskii,,"Bombus vosnesenskii Radoszkowski, 1862",Alpine County,California,,,1916-07-19T00:00:00Z,19,7,1916,PRESERVED_SPECIMEN,USDA-ARS,JPS25318,R.W. Thorp 1968,,,A.C. Brown
Animalia,Arthropoda,Insecta,Hymenoptera,Apidae,Bombus,Bombus vosnesenskii,,"Bombus vosnesenskii Radoszkowski, 1862",Alpine County,California,,,1916-07-19T00:00:00Z,19,7,1916,PRESERVED_SPECIMEN,USDA-ARS,JPS25317,R.W. Thorp 1968,,,A.C. Brown
Animalia,Arthropoda,Insecta,Hymenoptera,Apidae,Bombus,Bombus vosnesenskii,,"Bombus vosnesenskii Radoszkowski, 1862",Alpine County,California,,,1916-07-19T00:00:00Z,19,7,1916,PRESERVED_SPECIMEN,USDA-ARS,JPS25316,R.W. Thorp 1968,,,A.C. Brown
Animalia,Arthropoda,Insecta,Hymenoptera,Apidae,Bombus,Bombus vosnesenskii,,"Bombus vosnesenskii Radoszkowski, 1862",Alpine County,California,,,1916-07-16T00:00:00Z,16,7,1916,PRESERVED_SPECIMEN,USDA-ARS,JPS25315,R.W. Thorp 1968,,,A.C. Brown
Animalia,Arthropoda,Insecta,Hymenoptera,Apidae,Bombus,Bombus vosnesenskii,,"Bombus vosnesenskii Radoszkowski, 1862",Alpine County,California,,,1916-07-19T00:00:00Z,19,7,1916,PRESERVED_SPECIMEN,USDA-ARS,JPS25314,R.W. Thorp 1968,,,A.C. Brown
Animalia,Arthropoda,Insecta,Hymenoptera,Apidae,Bombus,Bombus vosnesenskii,,"Bombus vosnesenskii Radoszkowski, 1862",Alpine County,California,,,1916-07-19T00:00:00Z,19,7,1916,PRESERVED_SPECIMEN,USDA-ARS,JPS25313,R.W. Thorp 1968,,,A.C. Brown
Animalia,Arthropoda,Insecta,Hymenoptera,Apidae,Bombus,Bombus vosnesenskii,,"Bombus vosnesenskii Radoszkowski, 1862",El Dorado County,California,,,1916-06-01T00:00:00Z,1,6,1916,PRESERVED_SPECIMEN,USDA-ARS,JPS26419,R.W. Thorp 1968,,,A.C. Brown
Animalia,Arthropoda,Insecta,Hymenoptera,Apidae,Bombus,Bombus vosnesenskii,,"Bombus vosnesenskii Radoszkowski, 1862",Plumas County,California,,,1913-06-13T00:00:00Z,13,6,1913,PRESERVED_SPECIMEN,USDA-ARS,JPS28004,R.W. Thorp 1968,,,F.W. Nunenmacher
Animalia,Arthropoda,Insecta,Hymenoptera,Apidae,Bombus,Bombus vosnesenskii,,"Bombus vosnesenskii Radoszkowski, 1862",Plumas County,California,,,1913-06-13T00:00:00Z,13,6,1913,PRESERVED_SPECIMEN,USDA-ARS,JPS25790,R.W. Thorp 1968,,,F.W. Nunenmacher
Animalia,Arthropoda,Insecta,Hymenoptera,Apidae,Bombus,Bombus vosnesenskii,,"Bombus vosnesenskii Radoszkowski, 1862",Plumas County,California,,,1913-06-14T00:00:00Z,14,6,1913,PRESERVED_SPECIMEN,USDA-ARS,JPS25771,R.W. Thorp 1968,,,F.W. Nunenmacher
Animalia,Arthropoda,Insecta,Hymenoptera,Apidae,Bombus,Bombus vosnesenskii,,"Bombus vosnesenskii Radoszkowski, 1862",Plumas County,California,,,1913-06-13T00:00:00Z,13,6,1913,PRESERVED_SPECIMEN,USDA-ARS,JPS16242,R.W. Thorp 1968,,,F.W. Nunenmacher
Animalia,Arthropoda,Insecta,Hymenoptera,Apidae,Bombus,Bombus vosnesenskii,,"Bombus vosnesenskii Radoszkowski, 1862",Sierra County,California,,,1913-06-19T00:00:00Z,19,6,1913,PRESERVED_SPECIMEN,USDA-ARS,JPS25435,R.W. Thorp 1968,,,F.W. Nunenmacher
Animalia,Arthropoda,Insecta,Hymenoptera,Apidae,Bombus,Bombus vosnesenskii,,"Bombus vosnesenskii Radoszkowski, 1862",Sierra County,California,,,1913-06-19T00:00:00Z,19,6,1913,PRESERVED_SPECIMEN,USDA-ARS,JPS25375,R.W. Thorp 1968,,,F.W. Nunenmacher
Animalia,Arthropoda,Insecta,Hymenoptera,Apidae,Bombus,Bombus vosnesenskii,,"Bombus vosnesenskii Radoszkowski, 1862",El Dorado County,California,,,1913-06-27T00:00:00Z,27,6,1913,PRESERVED_SPECIMEN,USDA-ARS,JPS28016,R.W. Thorp 1968,,,F.W. Nunenmacher
Animalia,Arthropoda,Insecta,Hymenoptera,Apidae,Bombus,Bombus vosnesenskii,,"Bombus vosnesenskii Radoszkowski, 1862",El Dorado County,California,,,1913-06-29T00:00:00Z,29,6,1913,PRESERVED_SPECIMEN,USDA-ARS,JPS28015,R.W. Thorp 1968,,,F.W. Nunenmacher
Animalia,Arthropoda,Insecta,Hymenoptera,Apidae,Bombus,Bombus vosnesenskii,,"Bombus vosnesenskii Radoszkowski, 1862",El Dorado County,California,,,1913-06-29T00:00:00Z,29,6,1913,PRESERVED_SPECIMEN,USDA-ARS,JPS28009,R.W. Thorp 1968,,,F.W. Nunenmacher
Animalia,Arthropoda,Insecta,Hymenoptera,Apidae,Bombus,Bombus vosnesenskii,,"Bombus vosnesenskii Radoszkowski, 1862",El Dorado County,California,,,1913-06-26T00:00:00Z,26,6,1913,PRESERVED_SPECIMEN,USDA-ARS,JPS28008,R.W. Thorp 1968,,,F.W. Nunenmacher
Animalia,Arthropoda,Insecta,Hymenoptera,Apidae,Bombus,Bombus vosnesenskii,,"Bombus vosnesenskii Radoszkowski, 1862",El Dorado County,California,,,1913-06-26T00:00:00Z,26,6,1913,PRESERVED_SPECIMEN,USDA-ARS,JPS28007,R.W. Thorp 1968,,,F.W. Nunenmacher
Animalia,Arthropoda,Insecta,Hymenoptera,Apidae,Bombus,Bombus vosnesenskii,,"Bombus vosnesenskii Radoszkowski, 1862",El Dorado County,California,,,1913-06-29T00:00:00Z,29,6,1913,PRESERVED_SPECIMEN,USDA-ARS,JPS28006,R.W. Thorp 1968,,,F.W. Nunenmacher
Animalia,Arthropoda,Insecta,Hymenoptera,Apidae,Bombus,Bombus vosnesenskii,,"Bombus vosnesenskii Radoszkowski, 1862",El Dorado County,California,,,1913-06-29T00:00:00Z,29,6,1913,PRESERVED_SPECIMEN,USDA-ARS,JPS28005,R.W. Thorp 1968,,,F.W. Nunenmacher
Animalia,Arthropoda,Insecta,Hymenoptera,Apidae,Bombus,Bombus vosnesenskii,,"Bombus vosnesenskii Radoszkowski, 1862",El Dorado County,California,,,1913-06-29T00:00:00Z,29,6,1913,PRESERVED_SPECIMEN,USDA-ARS,JPS28002,R.W. Thorp 1968,,,F.W. Nunenmacher
Animalia,Arthropoda,Insecta,Hymenoptera,Apidae,Bombus,Bombus vosnesenskii,,"Bombus vosnesenskii Radoszkowski, 1862",El Dorado County,California,,,1913-06-29T00:00:00Z,29,6,1913,PRESERVED_SPECIMEN,USDA-ARS,JPS28001,R.W. Thorp 1968,,,F.W. Nunenmacher
Animalia,Arthropoda,Insecta,Hymenoptera,Apidae,Bombus,Bombus vosnesenskii,,"Bombus vosnesenskii Radoszkowski, 1862",El Dorado County,California,,,1913-06-29T00:00:00Z,29,6,1913,PRESERVED_SPECIMEN,USDA-ARS,JPS28000,R.W. Thorp 1968,,,F.W. Nunenmacher
Animalia,Arthropoda,Insecta,Hymenoptera,Apidae,Bombus,Bombus vosnesenskii,,"Bombus vosnesenskii Radoszkowski, 1862",El Dorado County,California,,,1913-06-29T00:00:00Z,29,6,1913,PRESERVED_SPECIMEN,USDA-ARS,JPS27998,R.W. Thorp 1968,,,F.W. Nunenmacher
Animalia,Arthropoda,Insecta,Hymenoptera,Apidae,Bombus,Bombus vosnesenskii,,"Bombus vosnesenskii Radoszkowski, 1862",El Dorado County,California,,,1913-06-29T00:00:00Z,29,6,1913,PRESERVED_SPECIMEN,USDA-ARS,JPS27997,R.W. Thorp 1968,,,F.W. Nunenmacher
Animalia,Arthropoda,Insecta,Hymenoptera,Apidae,Bombus,Bombus vosnesenskii,,"Bombus vosnesenskii Radoszkowski, 1862",El Dorado County,California,,,1912-06-29T00:00:00Z,29,6,1912,PRESERVED_SPECIMEN,USDA-ARS,JPS27650,R.W. Thorp 1968,,,F.W. Nunenmacher
Animalia,Arthropoda,Insecta,Hymenoptera,Apidae,Bombus,Bombus vosnesenskii,,"Bombus vosnesenskii Radoszkowski, 1862",El Dorado County,California,,,1913-06-30T00:00:00Z,30,6,1913,PRESERVED_SPECIMEN,USDA-ARS,JPS27471,R.W. Thorp 1968,,,F.W. Nunenmacher
Animalia,Arthropoda,Insecta,Hymenoptera,Apidae,Bombus,Bombus vosnesenskii,,"Bombus vosnesenskii Radoszkowski, 1862",El Dorado County,California,,,1913-06-27T00:00:00Z,27,6,1913,PRESERVED_SPECIMEN,USDA-ARS,JPS26053,R.W. Thorp 1968,,,F.W. Nunenmacher
Animalia,Arthropoda,Insecta,Hymenoptera,Apidae,Bombus,Bombus vosnesenskii,,"Bombus vosnesenskii Radoszkowski, 1862",El Dorado County,California,,,1913-06-27T00:00:00Z,27,6,1913,PRESERVED_SPECIMEN,USDA-ARS,JPS26052,R.W. Thorp 1968,,,F.W. Nunenmacher
Animalia,Arthropoda,Insecta,Hymenoptera,Apidae,Bombus,Bombus vosnesenskii,,"Bombus vosnesenskii Radoszkowski, 1862",El Dorado County,California,,,1913-06-27T00:00:00Z,27,6,1913,PRESERVED_SPECIMEN,USDA-ARS,JPS26051,R.W. Thorp 1968,,,F.W. Nunenmacher
Animalia,Arthropoda,Insecta,Hymenoptera,Apidae,Bombus,Bombus vosnesenskii,,"Bombus vosnesenskii Radoszkowski, 1862",El Dorado County,California,,,1913-06-29T00:00:00Z,29,6,1913,PRESERVED_SPECIMEN,USDA-ARS,JPS26050,R.W. Thorp 1968,,,F.W. Nunenmacher
Animalia,Arthropoda,Insecta,Hymenoptera,Apidae,Bombus,Bombus vosnesenskii,,"Bombus vosnesenskii Radoszkowski, 1862",El Dorado County,California,,,1913-06-29T00:00:00Z,29,6,1913,PRESERVED_SPECIMEN,USDA-ARS,JPS26049,R.W. Thorp 1968,,,F.W. Nunenmacher
Animalia,Arthropoda,Insecta,Hymenoptera,Apidae,Bombus,Bombus vosnesenskii,,"Bombus vosnesenskii Radoszkowski, 1862",El Dorado County,California,,,1913-06-29T00:00:00Z,29,6,1913,PRESERVED_SPECIMEN,USDA-ARS,JPS25768,R.W. Thorp 1968,,,F.W. Nunenmacher
Animalia,Arthropoda,Insecta,Hymenoptera,Apidae,Bombus,Bombus vosnesenskii,,"Bombus vosnesenskii Radoszkowski, 1862",El Dorado County,California,,,1913-06-29T00:00:00Z,29,6,1913,PRESERVED_SPECIMEN,USDA-ARS,JPS25764,R.W. Thorp 1968,,,F.W. Nunenmacher
Animalia,Arthropoda,Insecta,Hymenoptera,Apidae,Bombus,Bombus vosnesenskii,,"Bombus vosnesenskii Radoszkowski, 1862",El Dorado County,California,,,1913-06-30T00:00:00Z,30,6,1913,PRESERVED_SPECIMEN,USDA-ARS,JPS25763,R.W. Thorp 1968,,,F.W. Nunenmacher
Animalia,Arthropoda,Insecta,Hymenoptera,Apidae,Bombus,Bombus vosnesenskii,,"Bombus vosnesenskii Radoszkowski, 1862",El Dorado County,California,,,1913-06-27T00:00:00Z,27,6,1913,PRESERVED_SPECIMEN,USDA-ARS,JPS25443,R.W. Thorp 1968,,,F.W. Nunenmacher
Animalia,Arthropoda,Insecta,Hymenoptera,Apidae,Bombus,Bombus vosnesenskii,,"Bombus vosnesenskii Radoszkowski, 1862",El Dorado County,California,,,1913-06-29T00:00:00Z,29,6,1913,PRESERVED_SPECIMEN,USDA-ARS,JPS25442,R.W. Thorp 1968,,,F.W. Nunenmacher
Animalia,Arthropoda,Insecta,Hymenoptera,Apidae,Bombus,Bombus vosnesenskii,,"Bombus vosnesenskii Radoszkowski, 1862",El Dorado County,California,,,1913-06-27T00:00:00Z,27,6,1913,PRESERVED_SPECIMEN,USDA-ARS,JPS25441,R.W. Thorp 1968,,,F.W. Nunenmacher
Animalia,Arthropoda,Insecta,Hymenoptera,Apidae,Bombus,Bombus vosnesenskii,,"Bombus vosnesenskii Radoszkowski, 1862",El Dorado County,California,,,1913-06-29T00:00:00Z,29,6,1913,PRESERVED_SPECIMEN,USDA-ARS,JPS25370,R.W. Thorp 1968,,,F.W. Nunenmacher
Animalia,Arthropoda,Insecta,Hymenoptera,Apidae,Bombus,Bombus vosnesenskii,,"Bombus vosnesenskii Radoszkowski, 1862",El Dorado County,California,,,1913-06-29T00:00:00Z,29,6,1913,PRESERVED_SPECIMEN,USDA-ARS,JPS25367,R.W. Thorp 1968,,,F.W. Nunenmacher
Animalia,Arthropoda,Insecta,Hymenoptera,Apidae,Bombus,Bombus vosnesenskii,,"Bombus vosnesenskii Radoszkowski, 1862",Nevada County,California,,,1920-08-13T00:00:00Z,13,8,1920,PRESERVED_SPECIMEN,USDA-ARS,JPS27138,R.S. Jacobson 1991,,,E.R. Leach
Animalia,Arthropoda,Insecta,Hymenoptera,Apidae,Bombus,Bombus vosnesenskii,,"Bombus vosnesenskii Radoszkowski, 1862",Trinity County,California,,,1920-05-06T00:00:00Z,6,5,1920,PRESERVED_SPECIMEN,USDA-ARS,JPS16148,R.S. Jacobson 1991,,,E.R. Leach
Animalia,Arthropoda,Insecta,Hymenoptera,Apidae,Bombus,Bombus vosnesenskii,,"Bombus vosnesenskii Radoszkowski, 1862",Trinity County,California,,,1918-04-18T00:00:00Z,18,4,1918,PRESERVED_SPECIMEN,USDA-ARS,JPS16141,R.S. Jacobson 1991,,,E.R. Leach
Animalia,Arthropoda,Insecta,Hymenoptera,Apidae,Bombus,Bombus vosnesenskii,,"Bombus vosnesenskii Radoszkowski, 1862",San Diego County,California,,,1928-02-11T00:00:00Z,11,2,1928,PRESERVED_SPECIMEN,USDA-ARS,JPS15541,J.B. Koch 2010,,,
Animalia,Arthropoda,Insecta,Hymenoptera,Apidae,Bombus,Bombus vosnesenskii,,"Bombus vosnesenskii Radoszkowski, 1862",El Dorado County,California,,,1913-06-29T00:00:00Z,29,6,1913,PRESERVED_SPECIMEN,USDA-ARS,JPS28014,R.W. Thorp 1968,,,
Animalia,Arthropoda,Insecta,Hymenoptera,Apidae,Bombus,Bombus vosnesenskii,,"Bombus vosnesenskii Radoszkowski, 1862",Los Angeles County,California,,,1917-05-27T00:00:00Z,27,5,1917,PRESERVED_SPECIMEN,USDA-ARS,JPS27764,R.W. Thorp 1968,,,
Animalia,Arthropoda,Insecta,Hymenoptera,Apidae,Bombus,Bombus vosnesenskii,,"Bombus vosnesenskii Radoszkowski, 1862",Humboldt County,California,,,1911-05-07T00:00:00Z,7,5,1911,PRESERVED_SPECIMEN,USDA-ARS,USNM00740918,,,,
Animalia,Arthropoda,Insecta,Hymenoptera,Apidae,Bombus,Bombus vosnesenskii,,"Bombus vosnesenskii Radoszkowski, 1862",Humboldt County,California,,,1911-05-07T00:00:00Z,7,5,1911,PRESERVED_SPECIMEN,USDA-ARS,USNM00740913,,,,
Animalia,Arthropoda,Insecta,Hymenoptera,Apidae,Bombus,Bombus vosnesenskii,,"Bombus vosnesenskii Radoszkowski, 1862",Humboldt County,California,,,1911-04-25T00:00:00Z,25,4,1911,PRESERVED_SPECIMEN,USDA-ARS,USNM00740485,,,,
Animalia,Arthropoda,Insecta,Hymenoptera,Apidae,Bombus,Bombus vosnesenskii,,"Bombus vosnesenskii Radoszkowski, 1862",Humboldt County,California,,,1911-04-25T00:00:00Z,25,4,1911,PRESERVED_SPECIMEN,USDA-ARS,USNM00740484,,,,
Animalia,Arthropoda,Insecta,Hymenoptera,Apidae,Bombus,Bombus vosnesenskii,,"Bombus vosnesenskii Radoszkowski, 1862",Siskiyou County,California,,,1911-06-02T00:00:00Z,2,6,1911,PRESERVED_SPECIMEN,USDA-ARS,USNM00740775,,,,
Animalia,Arthropoda,Insecta,Hymenoptera,Apidae,Bombus,Bombus vosnesenskii,,"Bombus vosnesenskii Radoszkowski, 1862",San Diego County,California,,,1928-08-15T00:00:00Z,15,8,1928,PRESERVED_SPECIMEN,USDA-ARS,JPS16282,J.B. Koch 2010,,,C.C. Searl
Animalia,Arthropoda,Insecta,Hymenoptera,Apidae,Bombus,Bombus vosnesenskii,,"Bombus vosnesenskii Radoszkowski, 1862",Los Angeles County,California,,,1917-05-05T00:00:00Z,5,5,1917,PRESERVED_SPECIMEN,USDA-ARS,JPS27944,R.W. Thorp 1968,,,R. May
Animalia,Arthropoda,Insecta,Hymenoptera,Apidae,Bombus,Bombus vosnesenskii,,"Bombus vosnesenskii Radoszkowski, 1862",Los Angeles County,California,,,1917-05-05T00:00:00Z,5,5,1917,PRESERVED_SPECIMEN,USDA-ARS,JPS27763,R.W. Thorp 1968,,,R. May
Animalia,Arthropoda,Insecta,Hymenoptera,Apidae,Bombus,Bombus vosnesenskii,,"Bombus vosnesenskii Radoszkowski, 1862",Los Angeles County,California,,,1917-05-05T00:00:00Z,5,5,1917,PRESERVED_SPECIMEN,USDA-ARS,JPS27762,R.W. Thorp 1968,,,R. May
Animalia,Arthropoda,Insecta,Hymenoptera,Apidae,Bombus,Bombus vosnesenskii,,"Bombus vosnesenskii Radoszkowski, 1862",Los Angeles County,California,,,1917-07-27T00:00:00Z,27,7,1917,PRESERVED_SPECIMEN,USDA-ARS,JPS27403,R.W. Thorp 1968,,,R. May
Animalia,Arthropoda,Insecta,Hymenoptera,Apidae,Bombus,Bombus vosnesenskii,,"Bombus vosnesenskii Radoszkowski, 1862",Los Angeles County,California,,,1917-08-05T00:00:00Z,5,8,1917,PRESERVED_SPECIMEN,USDA-ARS,JPS27446,R.W. Thorp 1968,,,R. May
Animalia,Arthropoda,Insecta,Coleoptera,Carabidae,Calathus,Calathus ruficollis,,"Calathus ruficollis Dejean, 1828",Los Angeles County,California,34.36667,-118.2,1928-04-12T00:00:00Z,12,4,1928,PRESERVED_SPECIMEN,CSU,CSU_ENT0025516,,2014-01-01T00:00:00Z,Department of Bioagricultural Sciences and Pest Management,unknown
Animalia,Arthropoda,Insecta,Coleoptera,Tenebrionidae,Coniontis,Coniontis viatica,,"Coniontis viatica Eschscholtz, 1829",Los Altos,California,,,1923-04-01T00:00:00Z,,4,1923,PRESERVED_SPECIMEN,FMNH,FMNHINS 0004 103 475,J. T. Doyen : University of California - Berkeley,1993-01-01T00:00:00Z,The Field Mueum of Natural History,
Animalia,Arthropoda,Insecta,Coleoptera,Coccinellidae,Cryptolaemus,Cryptolaemus montrousieri,,"Cryptolaemus montrousieri Mulsant, 1853",Los Angeles,California,34.052234,-118.243685,1935-12-08T00:00:00Z,8,12,1935,PRESERVED_SPECIMEN,FMNH,FMNHINS 0004 048 441,C. W. Wingo,1950-01-01T00:00:00Z,The Field Mueum of Natural History,G. Grant
Animalia,Arthropoda,Diplopoda,Julida,Julidae,Cylindroiulus,Cylindroiulus latestriatus,,"Diploiulus luscus (Meinert, 1868)",Los Angeles,California,34.059061,-118.364535,1935-12-08T00:00:00Z,8,12,1935,PRESERVED_SPECIMEN,FMNH,FMNHINS 0000 011 534,,,The Field Mueum of Natural History,
Animalia,Arthropoda,Diplopoda,Julida,Julidae,Cylindroiulus,Cylindroiulus latestriatus,,"Diploiulus luscus (Meinert, 1868)",Los Angeles,California,34.059061,-118.364535,1936-03-29T00:00:00Z,29,3,1936,PRESERVED_SPECIMEN,FMNH,FMNHINS 0000 000 658,,,The Field Mueum of Natural History,G. Grant
Animalia,Arthropoda,Diplopoda,Julida,Julidae,Diploiulus,Diploiulus londinensis,,"Diploiulus londinensis (Leach, 1815)",Los Angeles,California,34.059061,-118.364535,1936-01-26T00:00:00Z,26,1,1936,PRESERVED_SPECIMEN,FMNH,FMNHINS 0000 000 661,,,The Field Mueum of Natural History,G. Grant
Animalia,Arthropoda,Insecta,Coleoptera,Tenebrionidae,Eleodes,Eleodes acuticauda,,"Eleodes acuticauda LeConte, 1851",Los Angeles,California,34.059061,-118.364535,1935-05-30T00:00:00Z,30,5,1935,PRESERVED_SPECIMEN,FMNH,FMNHINS 0004 117 258,,,The Field Mueum of Natural History,G. Grant
Animalia,Arthropoda,Insecta,Coleoptera,Tenebrionidae,Eleodes,Eleodes acuticauda,,"Eleodes acuticauda LeConte, 1851",Los Angeles,California,34.059061,-118.364535,1935-09-03T00:00:00Z,3,9,1935,PRESERVED_SPECIMEN,FMNH,FMNHINS 0004 117 259,,,The Field Mueum of Natural History,G. Grant
Animalia,Arthropoda,Insecta,Coleoptera,Tenebrionidae,Eleodes,Eleodes acuticauda,,"Eleodes acuticauda LeConte, 1851",Los Angeles,California,34.059061,-118.364535,1935-09-03T00:00:00Z,3,9,1935,PRESERVED_SPECIMEN,FMNH,FMNHINS 0004 117 256,,,The Field Mueum of Natural History,G. Grant
Animalia,Arthropoda,Insecta,Coleoptera,Tenebrionidae,Eleodes,Eleodes acuticauda,,"Eleodes acuticauda LeConte, 1851",Los Angeles,California,34.059061,-118.364535,1936-05-03T00:00:00Z,3,5,1936,PRESERVED_SPECIMEN,FMNH,FMNHINS 0004 117 261,,,The Field Mueum of Natural History,G. Grant
Animalia,Arthropoda,Insecta,Coleoptera,Tenebrionidae,Eleodes,Eleodes acuticauda,,"Eleodes acuticauda LeConte, 1851",Los Angeles,California,34.059061,-118.364535,1935-07-22T00:00:00Z,22,7,1935,PRESERVED_SPECIMEN,FMNH,FMNHINS 0004 117 260,,,The Field Mueum of Natural History,G. Grant
Animalia,Arthropoda,Insecta,Coleoptera,Tenebrionidae,Eleodes,Eleodes acuticauda,,"Eleodes acuticauda LeConte, 1851",Los Angeles,California,34.059061,-118.364535,1936-05-03T00:00:00Z,3,5,1936,PRESERVED_SPECIMEN,FMNH,FMNHINS 0004 117 262,,,The Field Mueum of Natural History,G. Grant
Animalia,Arthropoda,Insecta,Coleoptera,Tenebrionidae,Eleodes,Eleodes acuticauda,,"Eleodes acuticauda LeConte, 1851",Los Angeles,California,34.059061,-118.364535,1936-03-29T00:00:00Z,29,3,1936,PRESERVED_SPECIMEN,FMNH,FMNHINS 0004 117 263,,,The Field Mueum of Natural History,G. Grant
Animalia,Arthropoda,Insecta,Coleoptera,Tenebrionidae,Eleodes,Eleodes acuticauda,,"Eleodes acuticauda LeConte, 1851",Los Angeles,California,34.059061,-118.364535,1935-09-03T00:00:00Z,3,9,1935,PRESERVED_SPECIMEN,FMNH,FMNHINS 0004 117 257,,,The Field Mueum of Natural History,G. Grant
Animalia,Arthropoda,Insecta,Coleoptera,Tenebrionidae,Eleodes,Eleodes acuticauda,,"Eleodes acuticauda LeConte, 1851",Los Angeles,California,34.052234,-118.243685,1936-03-22T00:00:00Z,22,3,1936,PRESERVED_SPECIMEN,FMNH,FMNHINS 0004 117 266,,,The Field Mueum of Natural History,G. Grant
Animalia,Arthropoda,Insecta,Coleoptera,Tenebrionidae,Eleodes,Eleodes acuticauda,,"Eleodes acuticauda LeConte, 1851",Los Angeles,California,34.059061,-118.364535,1936-03-29T00:00:00Z,29,3,1936,PRESERVED_SPECIMEN,FMNH,FMNHINS 0004 117 265,,,The Field Mueum of Natural History,G. Grant
Animalia,Arthropoda,Insecta,Coleoptera,Tenebrionidae,Eleodes,Eleodes acuticauda,,"Eleodes acuticauda LeConte, 1851",Los Angeles,California,34.059061,-118.364535,1936-03-29T00:00:00Z,29,3,1936,PRESERVED_SPECIMEN,FMNH,FMNHINS 0004 117 264,,,The Field Mueum of Natural History,G. Grant
Animalia,Arthropoda,Insecta,Coleoptera,Tenebrionidae,Eleodes,Eleodes armata,,"Eleodes armata LeConte, 1851","Sand hills, W of Yuma County Arizona",California,,,1937-05-01T00:00:00Z,1,5,1937,PRESERVED_SPECIMEN,FMNH,FMNHINS 0004 137 086,R. Aalbu : California Academy of Sciences,1998-01-01T00:00:00Z,The Field Mueum of Natural History,K. P. Schmidt
Animalia,Arthropoda,Insecta,Coleoptera,Tenebrionidae,Eleodes,Eleodes carbonaria,omissa,"Eleodes carbonaria omissa LeConte, 1858",Los Angeles,California,34.052234,-118.243685,1935-06-30T00:00:00Z,30,6,1935,PRESERVED_SPECIMEN,FMNH,FMNHINS 0004 137 301,,,The Field Mueum of Natural History,G. Grant
Animalia,Arthropoda,Insecta,Coleoptera,Tenebrionidae,Eleodes,Eleodes carbonaria,omissa,"Eleodes carbonaria omissa LeConte, 1858",Los Angeles,California,34.059061,-118.364535,1935-05-12T00:00:00Z,12,5,1935,PRESERVED_SPECIMEN,FMNH,FMNHINS 0004 137 299,C. A. Triplehorn,2001-01-01T00:00:00Z,The Field Mueum of Natural History,G. Grant
Animalia,Arthropoda,Insecta,Coleoptera,Tenebrionidae,Eleodes,Eleodes carbonaria,omissa,"Eleodes carbonaria omissa LeConte, 1858",Los Angeles,California,34.059061,-118.364535,1935-09-02T00:00:00Z,2,9,1935,PRESERVED_SPECIMEN,FMNH,FMNHINS 0004 137 298,,,The Field Mueum of Natural History,G. Grant
Animalia,Arthropoda,Insecta,Coleoptera,Tenebrionidae,Eleodes,Eleodes carbonaria,omissa,"Eleodes carbonaria omissa LeConte, 1858",Los Angeles,California,34.059061,-118.364535,1935-05-30T00:00:00Z,30,5,1935,PRESERVED_SPECIMEN,FMNH,FMNHINS 0004 137 304,,,The Field Mueum of Natural History,G. Grant
Animalia,Arthropoda,Insecta,Coleoptera,Tenebrionidae,Eleodes,Eleodes carbonaria,omissa,"Eleodes carbonaria omissa LeConte, 1858",Los Angeles,California,34.052234,-118.243685,1935-12-15T00:00:00Z,15,12,1935,PRESERVED_SPECIMEN,FMNH,FMNHINS 0004 137 293,,,The Field Mueum of Natural History,G. Grant
Animalia,Arthropoda,Insecta,Coleoptera,Tenebrionidae,Eleodes,Eleodes carbonaria,omissa,"Eleodes carbonaria omissa LeConte, 1858",Los Angeles,California,34.059061,-118.364535,1936-05-03T00:00:00Z,3,5,1936,PRESERVED_SPECIMEN,FMNH,FMNHINS 0004 137 289,,,The Field Mueum of Natural History,G. Grant
Animalia,Arthropoda,Insecta,Coleoptera,Tenebrionidae,Eleodes,Eleodes carbonaria,omissa,"Eleodes carbonaria omissa LeConte, 1858",Los Angeles,California,34.052234,-118.243685,1935-12-15T00:00:00Z,15,12,1935,PRESERVED_SPECIMEN,FMNH,FMNHINS 0004 137 295,,,The Field Mueum of Natural History,G. Grant
Animalia,Arthropoda,Insecta,Coleoptera,Tenebrionidae,Eleodes,Eleodes carbonaria,omissa,"Eleodes carbonaria omissa LeConte, 1858",Los Angeles,California,34.052234,-118.243685,1935-12-15T00:00:00Z,15,12,1935,PRESERVED_SPECIMEN,FMNH,FMNHINS 0004 137 292,,,The Field Mueum of Natural History,G. Grant
Animalia,Arthropoda,Insecta,Coleoptera,Tenebrionidae,Eleodes,Eleodes carbonaria,omissa,"Eleodes carbonaria omissa LeConte, 1858",Los Angeles,California,34.059061,-118.364535,1936-01-05T00:00:00Z,5,1,1936,PRESERVED_SPECIMEN,FMNH,FMNHINS 0004 137 285,,,The Field Mueum of Natural History,G. Grant
Animalia,Arthropoda,Insecta,Coleoptera,Tenebrionidae,Eleodes,Eleodes carbonaria,omissa,"Eleodes carbonaria omissa LeConte, 1858",Los Angeles,California,34.052234,-118.243685,1935-12-15T00:00:00Z,15,12,1935,PRESERVED_SPECIMEN,FMNH,FMNHINS 0004 137 294,,,The Field Mueum of Natural History,G. Grant
Animalia,Arthropoda,Insecta,Coleoptera,Tenebrionidae,Eleodes,Eleodes carbonaria,omissa,"Eleodes carbonaria omissa LeConte, 1858",Los Angeles,California,34.052234,-118.243685,1935-12-15T00:00:00Z,15,12,1935,PRESERVED_SPECIMEN,FMNH,FMNHINS 0004 137 291,,,The Field Mueum of Natural History,G. Grant
Animalia,Arthropoda,Insecta,Coleoptera,Tenebrionidae,Eleodes,Eleodes carbonaria,omissa,"Eleodes carbonaria omissa LeConte, 1858",Los Angeles,California,34.059061,-118.364535,1936-01-05T00:00:00Z,5,1,1936,PRESERVED_SPECIMEN,FMNH,FMNHINS 0004 137 286,,,The Field Mueum of Natural History,G. Grant
Animalia,Arthropoda,Insecta,Coleoptera,Tenebrionidae,Eleodes,Eleodes carbonaria,omissa,"Eleodes carbonaria omissa LeConte, 1858",Los Angeles,California,34.059061,-118.364535,1935-05-30T00:00:00Z,30,5,1935,PRESERVED_SPECIMEN,FMNH,FMNHINS 0004 137 303,,,The Field Mueum of Natural History,G. Grant
Animalia,Arthropoda,Insecta,Coleoptera,Tenebrionidae,Eleodes,Eleodes carbonaria,omissa,"Eleodes carbonaria omissa LeConte, 1858",Los Angeles,California,34.052234,-118.243685,1935-12-15T00:00:00Z,15,12,1935,PRESERVED_SPECIMEN,FMNH,FMNHINS 0004 137 290,,,The Field Mueum of Natural History,G. Grant
Animalia,Arthropoda,Insecta,Coleoptera,Tenebrionidae,Eleodes,Eleodes carbonaria,omissa,"Eleodes carbonaria omissa LeConte, 1858",Los Angeles,California,34.059061,-118.364535,1935-05-30T00:00:00Z,30,5,1935,PRESERVED_SPECIMEN,FMNH,FMNHINS 0004 137 302,,,The Field Mueum of Natural History,G. Grant
Animalia,Arthropoda,Insecta,Coleoptera,Tenebrionidae,Eleodes,Eleodes carbonaria,omissa,"Eleodes carbonaria omissa LeConte, 1858",Los Angeles,California,34.059061,-118.364535,1935-05-30T00:00:00Z,30,5,1935,PRESERVED_SPECIMEN,FMNH,FMNHINS 0004 137 305,,,The Field Mueum of Natural History,G. Grant
Animalia,Arthropoda,Insecta,Coleoptera,Tenebrionidae,Eleodes,Eleodes carbonaria,omissa,"Eleodes carbonaria omissa LeConte, 1858",Los Angeles,California,34.059061,-118.364535,1936-01-05T00:00:00Z,5,1,1936,PRESERVED_SPECIMEN,FMNH,FMNHINS 0004 137 287,,,The Field Mueum of Natural History,G. Grant
Animalia,Arthropoda,Insecta,Coleoptera,Tenebrionidae,Eleodes,Eleodes carbonaria,omissa,"Eleodes carbonaria omissa LeConte, 1858",Los Angeles,California,34.059061,-118.364535,1935-05-12T00:00:00Z,12,5,1935,PRESERVED_SPECIMEN,FMNH,FMNHINS 0004 137 300,,,The Field Mueum of Natural History,G. Grant
Animalia,Arthropoda,Insecta,Coleoptera,Tenebrionidae,Eleodes,Eleodes carbonaria,omissa,"Eleodes carbonaria omissa LeConte, 1858",Los Angeles,California,34.059061,-118.364535,1936-05-03T00:00:00Z,3,5,1936,PRESERVED_SPECIMEN,FMNH,FMNHINS 0004 137 288,,,The Field Mueum of Natural History,G. Grant
Animalia,Arthropoda,Insecta,Coleoptera,Tenebrionidae,Eleodes,Eleodes consobrina,,"Eleodes consobrina LeConte, 1851",Los Angeles,California,34.052234,-118.243685,1908-03-01T00:00:00Z,1,3,1908,PRESERVED_SPECIMEN,FMNH,FMNHINS 0004 137 450,,,The Field Mueum of Natural History,
Animalia,Arthropoda,Insecta,Coleoptera,Tenebrionidae,Eleodes,Eleodes consobrina,,"Eleodes consobrina LeConte, 1851",Los Angeles,California,34.052234,-118.243685,1908-03-01T00:00:00Z,1,3,1908,PRESERVED_SPECIMEN,FMNH,FMNHINS 0004 137 449,F. E. Blaisdell,,The Field Mueum of Natural History,
Animalia,Arthropoda,Insecta,Coleoptera,Tenebrionidae,Eleodes,Eleodes consobrina,,"Eleodes consobrina LeConte, 1851",Los Angeles,California,34.052234,-118.243685,1908-03-01T00:00:00Z,1,3,1908,PRESERVED_SPECIMEN,FMNH,FMNHINS 0004 137 448,,,The Field Mueum of Natural History,
Animalia,Arthropoda,Insecta,Coleoptera,Tenebrionidae,Eleodes,Eleodes osculans,,"Eleodes osculans (LeConte, 1851)",Los Angeles,California,34.052234,-118.243685,1936-03-22T00:00:00Z,22,3,1936,PRESERVED_SPECIMEN,FMNH,FMNHINS 0004 150 015,R. Aalbu : California Academy of Sciences,1998-01-01T00:00:00Z,The Field Mueum of Natural History,G. Grant
Animalia,Arthropoda,Insecta,Coleoptera,Tenebrionidae,Eleodes,Eleodes osculans,,"Eleodes osculans (LeConte, 1851)",Los Angeles,California,34.059061,-118.364535,1935-07-22T00:00:00Z,22,7,1935,PRESERVED_SPECIMEN,FMNH,FMNHINS 0004 150 006,R. Aalbu : California Academy of Sciences,1998-01-01T00:00:00Z,The Field Mueum of Natural History,G. Grant
Animalia,Arthropoda,Insecta,Coleoptera,Tenebrionidae,Eleodes,Eleodes osculans,,"Eleodes osculans (LeConte, 1851)",Los Angeles,California,34.052234,-118.243685,1915-05-01T00:00:00Z,1,5,1915,PRESERVED_SPECIMEN,FMNH,FMNHINS 0004 150 049,R. Aalbu : California Academy of Sciences,1998-01-01T00:00:00Z,The Field Mueum of Natural History,
Animalia,Arthropoda,Insecta,Coleoptera,Tenebrionidae,Eleodes,Eleodes osculans,,"Eleodes osculans (LeConte, 1851)",Los Angeles,California,34.052234,-118.243685,1908-03-01T00:00:00Z,1,3,1908,PRESERVED_SPECIMEN,FMNH,FMNHINS 0004 150 020,R. Aalbu : California Academy of Sciences,1998-01-01T00:00:00Z,The Field Mueum of Natural History,
Animalia,Arthropoda,Insecta,Coleoptera,Tenebrionidae,Eleodes,Eleodes osculans,,"Eleodes osculans (LeConte, 1851)",Los Angeles,California,34.059061,-118.364535,1936-03-29T00:00:00Z,29,3,1936,PRESERVED_SPECIMEN,FMNH,FMNHINS 0004 150 010,R. Aalbu : California Academy of Sciences,1998-01-01T00:00:00Z,The Field Mueum of Natural History,G. Grant
Animalia,Arthropoda,Insecta,Coleoptera,Tenebrionidae,Eleodes,Eleodes osculans,,"Eleodes osculans (LeConte, 1851)",Los Angeles,California,34.059061,-118.364535,1936-03-29T00:00:00Z,29,3,1936,PRESERVED_SPECIMEN,FMNH,FMNHINS 0004 150 012,R. Aalbu : California Academy of Sciences,1998-01-01T00:00:00Z,The Field Mueum of Natural History,G. Grant
Animalia,Arthropoda,Insecta,Coleoptera,Tenebrionidae,Eleodes,Eleodes osculans,,"Eleodes osculans (LeConte, 1851)",Los Angeles,California,34.059061,-118.364535,1936-02-02T00:00:00Z,2,2,1936,PRESERVED_SPECIMEN,FMNH,FMNHINS 0004 150 018,R. Aalbu : California Academy of Sciences,1998-01-01T00:00:00Z,The Field Mueum of Natural History,G. Grant
Animalia,Arthropoda,Insecta,Coleoptera,Tenebrionidae,Eleodes,Eleodes osculans,,"Eleodes osculans (LeConte, 1851)",Los Angeles,California,34.059061,-118.364535,1935-07-22T00:00:00Z,22,7,1935,PRESERVED_SPECIMEN,FMNH,FMNHINS 0004 150 007,R. Aalbu : California Academy of Sciences,1998-01-01T00:00:00Z,The Field Mueum of Natural History,G. Grant
Animalia,Arthropoda,Insecta,Coleoptera,Tenebrionidae,Eleodes,Eleodes osculans,,"Eleodes osculans (LeConte, 1851)",Los Angeles,California,34.059061,-118.364535,1936-03-29T00:00:00Z,29,3,1936,PRESERVED_SPECIMEN,FMNH,FMNHINS 0004 150 013,R. Aalbu : California Academy of Sciences,1998-01-01T00:00:00Z,The Field Mueum of Natural History,G. Grant
Animalia,Arthropoda,Insecta,Coleoptera,Tenebrionidae,Eleodes,Eleodes osculans,,"Eleodes osculans (LeConte, 1851)",Los Angeles,California,34.052234,-118.243685,1936-03-22T00:00:00Z,22,3,1936,PRESERVED_SPECIMEN,FMNH,FMNHINS 0004 150 016,R. Aalbu : California Academy of Sciences,1998-01-01T00:00:00Z,The Field Mueum of Natural History,G. Grant
Animalia,Arthropoda,Insecta,Coleoptera,Tenebrionidae,Eleodes,Eleodes osculans,,"Eleodes osculans (LeConte, 1851)",Los Angeles,California,34.059061,-118.364535,1936-02-02T00:00:00Z,2,2,1936,PRESERVED_SPECIMEN,FMNH,FMNHINS 0004 150 017,R. Aalbu : California Academy of Sciences,1998-01-01T00:00:00Z,The Field Mueum of Natural History,G. Grant
Animalia,Arthropoda,Insecta,Coleoptera,Tenebrionidae,Eleodes,Eleodes osculans,,"Eleodes osculans (LeConte, 1851)",Los Angeles,California,34.052234,-118.243685,1908-03-01T00:00:00Z,1,3,1908,PRESERVED_SPECIMEN,FMNH,FMNHINS 0004 150 019,R. Aalbu : California Academy of Sciences,1998-01-01T00:00:00Z,The Field Mueum of Natural History,
Animalia,Arthropoda,Insecta,Coleoptera,Tenebrionidae,Eleodes,Eleodes osculans,,"Eleodes osculans (LeConte, 1851)",Los Angeles,California,34.059061,-118.364535,1935-07-22T00:00:00Z,22,7,1935,PRESERVED_SPECIMEN,FMNH,FMNHINS 0004 150 009,R. Aalbu : California Academy of Sciences,1998-01-01T00:00:00Z,The Field Mueum of Natural History,G. Grant
Animalia,Arthropoda,Insecta,Coleoptera,Tenebrionidae,Eleodes,Eleodes osculans,,"Eleodes osculans (LeConte, 1851)",Los Angeles,California,34.059061,-118.364535,1936-03-29T00:00:00Z,29,3,1936,PRESERVED_SPECIMEN,FMNH,FMNHINS 0004 150 011,R. Aalbu : California Academy of Sciences,1998-01-01T00:00:00Z,The Field Mueum of Natural History,G. Grant
Animalia,Arthropoda,Insecta,Coleoptera,Tenebrionidae,Eleodes,Eleodes osculans,,"Eleodes osculans (LeConte, 1851)",Los Angeles,California,34.059061,-118.364535,1936-03-29T00:00:00Z,29,3,1936,PRESERVED_SPECIMEN,FMNH,FMNHINS 0004 150 014,R. Aalbu : California Academy of Sciences,1998-01-01T00:00:00Z,The Field Mueum of Natural History,G. Grant
Animalia,Arthropoda,Insecta,Coleoptera,Tenebrionidae,Eleodes,Eleodes osculans,,"Eleodes osculans (LeConte, 1851)",Los Angeles,California,34.059061,-118.364535,1935-07-22T00:00:00Z,22,7,1935,PRESERVED_SPECIMEN,FMNH,FMNHINS 0004 150 008,R. Aalbu : California Academy of Sciences,1998-01-01T00:00:00Z,The Field Mueum of Natural History,G. Grant
Animalia,Arthropoda,Insecta,Coleoptera,Tenebrionidae,Eleodes,Eleodes tricostata,,"Eleodes tricostata (Say, 1824)",Los Angeles County,California,34.36667,-118.2,1930-08-02T00:00:00Z,2,8,1930,PRESERVED_SPECIMEN,CSU,CSU ENT0004996,F.E. Blaisdell,,Department of Bioagricultural Sciences and Pest Management,unknown
Animalia,Arthropoda,Insecta,Coleoptera,Hydrophilidae,Enochrus,Enochrus piceus,piceus,Enochrus piceus piceus,Los Angeles,California,34.059061,-118.364535,1936-04-26T00:00:00Z,26,4,1936,PRESERVED_SPECIMEN,FMNH,FMNHINS 0003 653 612,R. W. Gundersen : St. Cloud State University,1966-01-01T00:00:00Z,The Field Mueum of Natural History,G. Grant
Animalia,Arthropoda,Insecta,Coleoptera,Hydrophilidae,Enochrus,Enochrus piceus,piceus,Enochrus piceus piceus,Los Angeles,California,34.059061,-118.364535,1935-10-27T00:00:00Z,27,10,1935,PRESERVED_SPECIMEN,FMNH,FMNHINS 0003 653 614,R. W. Gundersen : St. Cloud State University,1966-01-01T00:00:00Z,The Field Mueum of Natural History,G. Grant
Animalia,Arthropoda,Insecta,Coleoptera,Hydrophilidae,Enochrus,Enochrus piceus,piceus,Enochrus piceus piceus,Los Angeles,California,34.059061,-118.364535,1935-10-27T00:00:00Z,27,10,1935,PRESERVED_SPECIMEN,FMNH,FMNHINS 0003 653 613,R. W. Gundersen : St. Cloud State University,1966-01-01T00:00:00Z,The Field Mueum of Natural History,G. Grant
Animalia,Arthropoda,Insecta,Dermaptera,Anisolabididae,Euborellia,Euborellia annulipes,,"Euborellia annulipes (H.F.Lucas, 1847)",Los Angeles,California,34.052234,-118.243685,1935-05-03T00:00:00Z,3,5,1935,PRESERVED_SPECIMEN,FMNH,FMNHINS 0003 439 943,,,The Field Mueum of Natural History,G. Grant
Animalia,Arthropoda,Insecta,Dermaptera,Anisolabididae,Euborellia,Euborellia annulipes,,"Euborellia annulipes (H.F.Lucas, 1847)",Los Angeles,California,34.052234,-118.243685,1935-05-03T00:00:00Z,3,5,1935,PRESERVED_SPECIMEN,FMNH,FMNHINS 0003 439 942,,,The Field Mueum of Natural History,G. Grant
Animalia,Arthropoda,Insecta,Dermaptera,Anisolabididae,Euborellia,Euborellia annulipes,,"Euborellia annulipes (H.F.Lucas, 1847)",Los Angeles,California,34.052234,-118.243685,1935-05-03T00:00:00Z,3,5,1935,PRESERVED_SPECIMEN,FMNH,FMNHINS 0003 439 941,,,The Field Mueum of Natural History,G. Grant
Animalia,Arthropoda,Insecta,Dermaptera,Anisolabididae,Euborellia,Euborellia annulipes,,"Euborellia annulipes (H.F.Lucas, 1847)",Los Angeles,California,34.052234,-118.243685,1935-06-16T00:00:00Z,16,6,1935,PRESERVED_SPECIMEN,FMNH,FMNHINS 0003 439 939,,,The Field Mueum of Natural History,G. Grant
Animalia,Arthropoda,Insecta,Dermaptera,Anisolabididae,Euborellia,Euborellia annulipes,,"Euborellia annulipes (H.F.Lucas, 1847)",Los Angeles,California,34.052234,-118.243685,1935-06-16T00:00:00Z,16,6,1935,PRESERVED_SPECIMEN,FMNH,FMNHINS 0003 439 938,,,The Field Mueum of Natural History,G. Grant
Animalia,Arthropoda,Insecta,Dermaptera,Anisolabididae,Euborellia,Euborellia annulipes,,"Euborellia annulipes (H.F.Lucas, 1847)",Los Angeles,California,34.052234,-118.243685,1935-06-16T00:00:00Z,16,6,1935,PRESERVED_SPECIMEN,FMNH,FMNHINS 0003 439 937,,,The Field Mueum of Natural History,G. Grant
Animalia,Arthropoda,Insecta,Dermaptera,Anisolabididae,Euborellia,Euborellia annulipes,,"Euborellia annulipes (H.F.Lucas, 1847)",Los Angeles,California,34.052234,-118.243685,1935-05-03T00:00:00Z,3,5,1935,PRESERVED_SPECIMEN,FMNH,FMNHINS 0003 439 940,,,The Field Mueum of Natural History,G. Grant
Animalia,Arthropoda,Insecta,Dermaptera,Anisolabididae,Euborellia,Euborellia annulipes,,"Euborellia annulipes (H.F.Lucas, 1847)",Los Angeles,California,34.052234,-118.243685,1935-05-26T00:00:00Z,26,5,1935,PRESERVED_SPECIMEN,FMNH,FMNHINS 0003 439 936,,,The Field Mueum of Natural History,G. Grant
Animalia,Arthropoda,Insecta,Hymenoptera,Vespidae,Eumenes,Eumenes crucifera,,"Eumenes crucifera Prov., 1888",Los Angeles,California,34.059061,-118.364535,1937-09-06T00:00:00Z,6,9,1937,PRESERVED_SPECIMEN,FMNH,FMNHINS 0000 063 824,Dr. Richard M. Bohart : University of California,1953-01-01T00:00:00Z,The Field Mueum of Natural History,G. Grant
Animalia,Arthropoda,Insecta,Hymenoptera,Vespidae,Eumenes,Eumenes crucifera,,"Eumenes crucifera Prov., 1888",Los Angeles,California,34.059061,-118.364535,1937-09-06T00:00:00Z,6,9,1937,PRESERVED_SPECIMEN,FMNH,FMNHINS 0000 063 823,Dr. Richard M. Bohart : University of California,1953-01-01T00:00:00Z,The Field Mueum of Natural History,G. Grant
Animalia,Arthropoda,Insecta,Hymenoptera,Vespidae,Eumenes,Eumenes crucifera,,"Eumenes crucifera Prov., 1888",Los Angeles,California,34.059061,-118.364535,1937-09-06T00:00:00Z,6,9,1937,PRESERVED_SPECIMEN,FMNH,FMNHINS 0003 386 785,Dr. Richard M. Bohart : University of California,1953-01-01T00:00:00Z,The Field Mueum of Natural History,G. Grant
Animalia,Arthropoda,Insecta,Hymenoptera,Vespidae,Eumenes,Eumenes crucifera,,"Eumenes crucifera Prov., 1888",Los Angeles,California,34.059061,-118.364535,1937-09-06T00:00:00Z,6,9,1937,PRESERVED_SPECIMEN,FMNH,FMNHINS 0003 200 613,Dr. Richard M. Bohart : University of California,1957-01-01T00:00:00Z,The Field Mueum of Natural History,G. Grant
Animalia,Arthropoda,Insecta,Hymenoptera,Eumenidae,Euodynerus,Euodynerus crypticus,californicus,"Polistes dorsalis californicus Bohart, 1949",Los Angeles,California,34.059061,-118.364535,1935-10-27T00:00:00Z,27,10,1935,PRESERVED_SPECIMEN,FMNH,FMNHINS 0003 201 150,Dr. Richard M. Bohart : University of California,1953-01-01T00:00:00Z,The Field Mueum of Natural History,G. Grant
Animalia,Arthropoda,Insecta,Coleoptera,Tenebrionidae,Eusattus,Eusattus dubius,,Eusattus dubius,Los Angeles County,California,34.36667,-118.2,1929-02-17T00:00:00Z,17,2,1929,PRESERVED_SPECIMEN,CSU,CSU ENT0005333,L.W. Saylor,,Department of Bioagricultural Sciences and Pest Management,unknown
Animalia,Arthropoda,Insecta,Coleoptera,Histeridae,Geomysaprinus,Geomysaprinus paeminosus,,"Geomysaprinus paeminosus (J.L.LeConte, 1851)",Los Angeles,California,34.059061,-118.364535,1936-04-26T00:00:00Z,26,4,1936,PRESERVED_SPECIMEN,FMNH,FMNHINS 0003 831 641,,,The Field Mueum of Natural History,G. Grant
Animalia,Arthropoda,Chilopoda,Lithobiomorpha,Lithobiidae,Gosibius,Gosibius angelicus,,"Gosibius angelicus Chamberlin, 1944",Los Angeles,California,34.059061,-118.364535,1936-02-02T00:00:00Z,2,2,1936,PRESERVED_SPECIMEN,FMNH,FMNHINS 0000 008 412,,,The Field Mueum of Natural History,G. Grant
Animalia,Arthropoda,Chilopoda,Lithobiomorpha,Lithobiidae,Gosibius,Gosibius angelicus,,"Gosibius angelicus Chamberlin, 1944",Los Angeles,California,34.059061,-118.364535,1936-02-02T00:00:00Z,2,2,1936,PRESERVED_SPECIMEN,FMNH,FMNHINS 0000 008 411,,,The Field Mueum of Natural History,G. Grant
Animalia,Arthropoda,Chilopoda,Lithobiomorpha,Lithobiidae,Gosibius,Gosibius paucidens,,"Gosibius paucidens Wood, 1862",Los Angeles,California,34.059061,-118.364535,1936-02-03T00:00:00Z,3,2,1936,PRESERVED_SPECIMEN,FMNH,FMNHINS 0000 096 154,,,The Field Mueum of Natural History,G. Grant
Animalia,Arthropoda,Chilopoda,Lithobiomorpha,Lithobiidae,Gosibius,Gosibius paucidens,,"Gosibius paucidens Wood, 1862",Los Angeles,California,34.059061,-118.364535,1935-07-15T00:00:00Z,15,7,1935,PRESERVED_SPECIMEN,FMNH,FMNHINS 0000 096 155,,,The Field Mueum of Natural History,G. Grant
Animalia,Arthropoda,Arachnida,Araneae,Filistatidae,Kukulcania,Kukulcania arizonica,,"Kukulcania arizonica (Chamberlin & Ivie, 1935)",Los Angeles,California,34.059061,-118.364535,1936-01-01T00:00:00Z,,1,1936,PRESERVED_SPECIMEN,FMNH,FMNHINS 0002 857 679,Willis J. Gertsch : American Museum of Natural History,,The Field Mueum of Natural History,G. Grant
Animalia,Arthropoda,Arachnida,Araneae,Filistatidae,Kukulcania,Kukulcania arizonica,,"Kukulcania arizonica (Chamberlin & Ivie, 1935)",Los Angeles,California,34.059061,-118.364535,1936-01-01T00:00:00Z,,,1936,PRESERVED_SPECIMEN,FMNH,FMNHINS 0002 857 684,Willis J. Gertsch : American Museum of Natural History,,The Field Mueum of Natural History,G. Grant
Animalia,Arthropoda,Diplopoda,Spirostreptida,Cambalidae,Leiodere,Leiodere angelorum,,"Leiodere angelorum Chamberlin, 1943",Los Angeles,California,34.059061,-118.364535,1936-01-05T00:00:00Z,5,1,1936,PRESERVED_SPECIMEN,FMNH,FMNHINS 0000 000 641,,,The Field Mueum of Natural History,G. Grant
Animalia,Arthropoda,Diplopoda,Spirostreptida,Cambalidae,Leiodere,Leiodere angelorum,,"Leiodere angelorum Chamberlin, 1943",Los Angeles,California,34.059061,-118.364535,1936-01-05T00:00:00Z,5,1,1936,PRESERVED_SPECIMEN,FMNH,FMNHINS 0000 001 163,,,The Field Mueum of Natural History,G. Grant
Animalia,Arthropoda,Insecta,Hymenoptera,Megachilidae,Megachile,Megachile perihirta,,"Megachile perihirta Cockerell, 1898",Los Angeles,California,34.059061,-118.364535,1935-09-01T00:00:00Z,1,9,1935,PRESERVED_SPECIMEN,FMNH,FMNHINS 0003 136 088,Johnson,1980-01-01T00:00:00Z,The Field Mueum of Natural History,G. Grant
Animalia,Arthropoda,Insecta,Hymenoptera,Apidae,Melissodes,Melissodes agilis,,"Melissodes agilis Cresson, 1878",Los Angeles,California,34.0643,-118.1884,1933-07-16T00:00:00Z,16,7,1933,PRESERVED_SPECIMEN,USDA-ARS,BBSL512534,,,,C.D. Michener
Animalia,Arthropoda,Insecta,Hymenoptera,Apidae,Melissodes,Melissodes robustior,,"Melissodes robustior Cockerell, 1915",Los Angeles,California,34.059061,-118.364535,1935-09-01T00:00:00Z,1,9,1935,PRESERVED_SPECIMEN,FMNH,FMNHINS 0003 187 629,Dr. Wallace E. LaBerge : Illinois Natural History Survey,,The Field Mueum of Natural History,G. Grant
Animalia,Arthropoda,Insecta,Coleoptera,Staphylinidae,Micropeplus,Micropeplus robustus,,"Micropeplus robustus Campbell, 1968",Los Angeles,California,34.059061,-118.364535,1918-07-12T00:00:00Z,12,7,1918,PRESERVED_SPECIMEN,FMNH,FMNHINS 0002 819 511,Dr. John M. Campbell : Biosystematics Research Center,1968-01-01T00:00:00Z,The Field Mueum of Natural History,L. R. Reynolds
Animalia,Arthropoda,Insecta,Coleoptera,Chrysomelidae,Microrhopala,Microrhopala rubrolineata,rubrolineata,Microrhopala rubrolineata rubrolineata,Los Angeles,California,34.059061,-118.364535,1936-04-26T00:00:00Z,26,4,1936,PRESERVED_SPECIMEN,FMNH,FMNHINS 0004 027 090,Dr. Shawn M. Clark : Brigham Young University,1982-01-01T00:00:00Z,The Field Mueum of Natural History,G. Grant
Animalia,Arthropoda,Insecta,Coleoptera,Histeridae,Neopachylopus,Neopachylopus sulcifrons,,"Neopachylopus sulcifrons (Mannerheim, 1843)",Los Angeles,California,34.059061,-118.364535,1907-08-05T00:00:00Z,5,8,1907,PRESERVED_SPECIMEN,FMNH,FMNHINS 0003 832 263,,,The Field Mueum of Natural History,
Animalia,Arthropoda,Insecta,Coleoptera,Histeridae,Neopachylopus,Neopachylopus sulcifrons,,"Neopachylopus sulcifrons (Mannerheim, 1843)",Los Angeles,California,34.059061,-118.364535,1907-08-05T00:00:00Z,5,8,1907,PRESERVED_SPECIMEN,FMNH,FMNHINS 0003 832 264,,,The Field Mueum of Natural History,
Animalia,Arthropoda,Insecta,Coleoptera,Tenebrionidae,Nyctoporis,Nyctoporis carinata,,"Nyctoporis carinata LeConte, 1851",Los Angeles,California,34.059061,-118.364535,1935-12-22T00:00:00Z,22,12,1935,PRESERVED_SPECIMEN,FMNH,FMNHINS 0004 118 487,C. A. Triplehorn,1971-01-01T00:00:00Z,The Field Mueum of Natural History,G. Grant
Animalia,Arthropoda,Insecta,Coleoptera,Tenebrionidae,Nyctoporis,Nyctoporis carinata,,"Nyctoporis carinata LeConte, 1851",Los Angeles,California,34.059061,-118.364535,1935-12-22T00:00:00Z,22,12,1935,PRESERVED_SPECIMEN,FMNH,FMNHINS 0004 118 485,C. A. Triplehorn,1971-01-01T00:00:00Z,The Field Mueum of Natural History,G. Grant
Animalia,Arthropoda,Insecta,Coleoptera,Tenebrionidae,Nyctoporis,Nyctoporis carinata,,"Nyctoporis carinata LeConte, 1851",Los Angeles,California,34.059061,-118.364535,1935-12-22T00:00:00Z,22,12,1935,PRESERVED_SPECIMEN,FMNH,FMNHINS 0004 118 483,C. A. Triplehorn,1971-01-01T00:00:00Z,The Field Mueum of Natural History,G. Grant
Animalia,Arthropoda,Insecta,Coleoptera,Tenebrionidae,Nyctoporis,Nyctoporis carinata,,"Nyctoporis carinata LeConte, 1851",Los Angeles,California,34.052234,-118.243685,1908-03-01T00:00:00Z,1,3,1908,PRESERVED_SPECIMEN,FMNH,FMNHINS 0004 118 503,C. A. Triplehorn,1971-01-01T00:00:00Z,The Field Mueum of Natural History,
Animalia,Arthropoda,Insecta,Coleoptera,Tenebrionidae,Nyctoporis,Nyctoporis carinata,,"Nyctoporis carinata LeConte, 1851",Los Angeles,California,34.052234,-118.243685,1936-03-22T00:00:00Z,22,3,1936,PRESERVED_SPECIMEN,FMNH,FMNHINS 0004 118 495,C. A. Triplehorn,1971-01-01T00:00:00Z,The Field Mueum of Natural History,G. Grant
Animalia,Arthropoda,Insecta,Coleoptera,Tenebrionidae,Nyctoporis,Nyctoporis carinata,,"Nyctoporis carinata LeConte, 1851",Los Angeles,California,34.059061,-118.364535,1935-12-22T00:00:00Z,22,12,1935,PRESERVED_SPECIMEN,FMNH,FMNHINS 0004 118 488,C. A. Triplehorn,1971-01-01T00:00:00Z,The Field Mueum of Natural History,G. Grant
Animalia,Arthropoda,Insecta,Coleoptera,Tenebrionidae,Nyctoporis,Nyctoporis carinata,,"Nyctoporis carinata LeConte, 1851",Los Angeles,California,34.059061,-118.364535,1936-01-05T00:00:00Z,5,1,1936,PRESERVED_SPECIMEN,FMNH,FMNHINS 0004 118 499,C. A. Triplehorn,1971-01-01T00:00:00Z,The Field Mueum of Natural History,G. Grant
Animalia,Arthropoda,Insecta,Coleoptera,Tenebrionidae,Nyctoporis,Nyctoporis carinata,,"Nyctoporis carinata LeConte, 1851",Los Angeles,California,34.059061,-118.364535,1936-05-01T00:00:00Z,1,5,1936,PRESERVED_SPECIMEN,FMNH,FMNHINS 0004 118 522,C. A. Triplehorn,1971-01-01T00:00:00Z,The Field Mueum of Natural History,G. Grant
Animalia,Arthropoda,Insecta,Coleoptera,Tenebrionidae,Nyctoporis,Nyctoporis carinata,,"Nyctoporis carinata LeConte, 1851",Los Angeles,California,34.052234,-118.243685,1936-03-22T00:00:00Z,22,3,1936,PRESERVED_SPECIMEN,FMNH,FMNHINS 0004 118 493,C. A. Triplehorn,1971-01-01T00:00:00Z,The Field Mueum of Natural History,G. Grant
Animalia,Arthropoda,Insecta,Coleoptera,Tenebrionidae,Nyctoporis,Nyctoporis carinata,,"Nyctoporis carinata LeConte, 1851",Los Angeles,California,34.052234,-118.243685,1935-12-15T00:00:00Z,15,12,1935,PRESERVED_SPECIMEN,FMNH,FMNHINS 0004 118 491,C. A. Triplehorn,1971-01-01T00:00:00Z,The Field Mueum of Natural History,G. Grant
Animalia,Arthropoda,Insecta,Coleoptera,Tenebrionidae,Nyctoporis,Nyctoporis carinata,,"Nyctoporis carinata LeConte, 1851",Los Angeles,California,34.059061,-118.364535,1935-12-22T00:00:00Z,22,12,1935,PRESERVED_SPECIMEN,FMNH,FMNHINS 0004 118 486,C. A. Triplehorn,1971-01-01T00:00:00Z,The Field Mueum of Natural History,G. Grant
Animalia,Arthropoda,Insecta,Coleoptera,Tenebrionidae,Nyctoporis,Nyctoporis carinata,,"Nyctoporis carinata LeConte, 1851",Los Angeles,California,34.059061,-118.364535,1935-01-01T00:00:00Z,,,1935,PRESERVED_SPECIMEN,FMNH,FMNHINS 0004 118 521,A. F. Newton : Field Museum of Natural History - Insects,1992-01-01T00:00:00Z,The Field Mueum of Natural History,G. Grant
Animalia,Arthropoda,Insecta,Coleoptera,Tenebrionidae,Nyctoporis,Nyctoporis carinata,,"Nyctoporis carinata LeConte, 1851",Los Angeles,California,34.059061,-118.364535,1935-12-22T00:00:00Z,22,12,1935,PRESERVED_SPECIMEN,FMNH,FMNHINS 0004 118 484,C. A. Triplehorn,1971-01-01T00:00:00Z,The Field Mueum of Natural History,G. Grant
Animalia,Arthropoda,Insecta,Coleoptera,Tenebrionidae,Nyctoporis,Nyctoporis carinata,,"Nyctoporis carinata LeConte, 1851",Los Angeles,California,34.052234,-118.243685,1936-03-22T00:00:00Z,22,3,1936,PRESERVED_SPECIMEN,FMNH,FMNHINS 0004 118 496,C. A. Triplehorn,1971-01-01T00:00:00Z,The Field Mueum of Natural History,G. Grant
Animalia,Arthropoda,Insecta,Coleoptera,Tenebrionidae,Nyctoporis,Nyctoporis carinata,,"Nyctoporis carinata LeConte, 1851",Los Angeles,California,34.052234,-118.243685,1936-03-22T00:00:00Z,22,3,1936,PRESERVED_SPECIMEN,FMNH,FMNHINS 0004 118 497,C. A. Triplehorn,1971-01-01T00:00:00Z,The Field Mueum of Natural History,G. Grant
Animalia,Arthropoda,Insecta,Coleoptera,Tenebrionidae,Nyctoporis,Nyctoporis carinata,,"Nyctoporis carinata LeConte, 1851",Los Angeles,California,34.059061,-118.364535,1935-12-22T00:00:00Z,22,12,1935,PRESERVED_SPECIMEN,FMNH,FMNHINS 0004 118 480,C. A. Triplehorn,1971-01-01T00:00:00Z,The Field Mueum of Natural History,G. Grant
Animalia,Arthropoda,Insecta,Coleoptera,Tenebrionidae,Nyctoporis,Nyctoporis carinata,,"Nyctoporis carinata LeConte, 1851",Los Angeles,California,34.059061,-118.364535,1935-12-22T00:00:00Z,22,12,1935,PRESERVED_SPECIMEN,FMNH,FMNHINS 0004 118 518,C. A. Triplehorn,1971-01-01T00:00:00Z,The Field Mueum of Natural History,G. Grant
Animalia,Arthropoda,Insecta,Coleoptera,Tenebrionidae,Nyctoporis,Nyctoporis carinata,,"Nyctoporis carinata LeConte, 1851",Los Angeles,California,34.059061,-118.364535,1935-12-22T00:00:00Z,22,12,1935,PRESERVED_SPECIMEN,FMNH,FMNHINS 0004 118 482,C. A. Triplehorn,1971-01-01T00:00:00Z,The Field Mueum of Natural History,G. Grant
Animalia,Arthropoda,Insecta,Coleoptera,Tenebrionidae,Nyctoporis,Nyctoporis carinata,,"Nyctoporis carinata LeConte, 1851",Los Angeles,California,34.059061,-118.364535,1936-01-05T00:00:00Z,5,1,1936,PRESERVED_SPECIMEN,FMNH,FMNHINS 0004 118 498,C. A. Triplehorn,1971-01-01T00:00:00Z,The Field Mueum of Natural History,G. Grant
Animalia,Arthropoda,Insecta,Coleoptera,Tenebrionidae,Nyctoporis,Nyctoporis carinata,,"Nyctoporis carinata LeConte, 1851",Los Angeles,California,34.059061,-118.364535,1935-12-22T00:00:00Z,22,12,1935,PRESERVED_SPECIMEN,FMNH,FMNHINS 0004 118 481,C. A. Triplehorn,1971-01-01T00:00:00Z,The Field Mueum of Natural History,G. Grant
Animalia,Arthropoda,Insecta,Coleoptera,Tenebrionidae,Nyctoporis,Nyctoporis carinata,,"Nyctoporis carinata LeConte, 1851",Los Angeles,California,34.052234,-118.243685,1908-03-01T00:00:00Z,1,3,1908,PRESERVED_SPECIMEN,FMNH,FMNHINS 0004 118 504,C. A. Triplehorn,1971-01-01T00:00:00Z,The Field Mueum of Natural History,
Animalia,Arthropoda,Insecta,Coleoptera,Tenebrionidae,Nyctoporis,Nyctoporis carinata,,"Nyctoporis carinata LeConte, 1851",Los Angeles,California,34.059061,-118.364535,1935-12-22T00:00:00Z,22,12,1935,PRESERVED_SPECIMEN,FMNH,FMNHINS 0004 118 517,C. A. Triplehorn,1971-01-01T00:00:00Z,The Field Mueum of Natural History,G. Grant
Animalia,Arthropoda,Insecta,Coleoptera,Tenebrionidae,Nyctoporis,Nyctoporis carinata,,"Nyctoporis carinata LeConte, 1851",Los Angeles,California,34.052234,-118.243685,1936-03-22T00:00:00Z,22,3,1936,PRESERVED_SPECIMEN,FMNH,FMNHINS 0004 118 494,C. A. Triplehorn,1971-01-01T00:00:00Z,The Field Mueum of Natural History,G. Grant
Animalia,Arthropoda,Insecta,Coleoptera,Tenebrionidae,Nyctoporis,Nyctoporis carinata,,"Nyctoporis carinata LeConte, 1851",Los Angeles,California,34.052234,-118.243685,1935-12-15T00:00:00Z,15,12,1935,PRESERVED_SPECIMEN,FMNH,FMNHINS 0004 118 492,C. A. Triplehorn,1971-01-01T00:00:00Z,The Field Mueum of Natural History,G. Grant
Animalia,Arthropoda,Insecta,Coleoptera,Tenebrionidae,Nyctoporis,Nyctoporis carinata,,"Nyctoporis carinata LeConte, 1851",Los Angeles,California,34.052234,-118.243685,1935-12-15T00:00:00Z,15,12,1935,PRESERVED_SPECIMEN,FMNH,FMNHINS 0004 118 490,C. A. Triplehorn,1971-01-01T00:00:00Z,The Field Mueum of Natural History,G. Grant
Animalia,Arthropoda,Insecta,Coleoptera,Tenebrionidae,Nyctoporis,Nyctoporis carinata,,"Nyctoporis carinata LeConte, 1851",Los Angeles,California,34.052234,-118.243685,1935-11-03T00:00:00Z,3,11,1935,PRESERVED_SPECIMEN,FMNH,FMNHINS 0004 118 489,C. A. Triplehorn,1971-01-01T00:00:00Z,The Field Mueum of Natural History,G. Grant
Animalia,Arthropoda,Insecta,Hemiptera,Cicadidae,Okanagana,Okanagana utahensis,,"Okanagana utahensis Davis & W.T., 1919",Los Angeles County,California,34.36667,-118.2,1931-06-13T00:00:00Z,13,6,1931,PRESERVED_SPECIMEN,UMNH,UMNH.ent.0014765,,,Natural History Museum of Utah,Collector unknown
Animalia,Arthropoda,Insecta,Hemiptera,Cicadidae,Okanagana,Okanagana utahensis,,"Okanagana utahensis Davis & W.T., 1919",Los Angeles County,California,34.36667,-118.2,1931-06-13T00:00:00Z,13,6,1931,PRESERVED_SPECIMEN,UMNH,UMNH.ent.0014764,,,Natural History Museum of Utah,Collector unknown
Animalia,Arthropoda,Insecta,Hemiptera,Cicadidae,Okanagana,Okanagana utahensis,,"Okanagana utahensis Davis & W.T., 1919",Los Angeles County,California,34.36667,-118.2,1931-06-13T00:00:00Z,13,6,1931,PRESERVED_SPECIMEN,UMNH,UMNH.ent.0014766,,,Natural History Museum of Utah,Collector unknown
Animalia,Arthropoda,Insecta,Coleoptera,Coccinellidae,Olla,Olla v-nigrum,,"Olla v-nigrum (Mulsant, 1866)",Los Angeles,California,34.059061,-118.364535,1907-01-23T00:00:00Z,23,1,1907,PRESERVED_SPECIMEN,FMNH,FMNHINS 0004 026 744,,,The Field Mueum of Natural History,
Animalia,Arthropoda,Insecta,Hymenoptera,Megachilidae,Osmia,Osmia albolateralis,,"Osmia albolateralis Cockerell, 1906",Siskiyou County,California,,,1911-06-02T00:00:00Z,2,6,1911,PRESERVED_SPECIMEN,USDA-ARS,BBSLID85264,M. Rightmyer 2011,,,B.W. Munenmacher
Animalia,Arthropoda,Insecta,Hymenoptera,Megachilidae,Osmia,Osmia atrocyanea,,"Osmia atrocyanea Cockerell, 1897",Mendocino County,California,39.41655,-123.41778,1920-05-06T00:00:00Z,6,5,1920,PRESERVED_SPECIMEN,USDA-ARS,BBSLID85225,M. Rightmyer 2011,,,E.R. Leach
Animalia,Arthropoda,Insecta,Hymenoptera,Megachilidae,Osmia,Osmia coloradensis,,"Osmia coloradensis Cresson, 1878",Los Angeles,California,34.0643,-118.1884,1936-05-16T00:00:00Z,16,5,1936,PRESERVED_SPECIMEN,USDA-ARS,BBSL193950,,,,A.M. Martin
Animalia,Arthropoda,Insecta,Hymenoptera,Megachilidae,Osmia,Osmia exigua,,"Osmia exigua Cresson, 1878",Plumas County,California,,,1913-06-13T00:00:00Z,13,6,1913,PRESERVED_SPECIMEN,USDA-ARS,BBSLID8229,T.L. Griswold 2006,,,F.W. Nunenmacher
Animalia,Arthropoda,Insecta,Hymenoptera,Megachilidae,Osmia,Osmia gabrielis,,"Osmia gabrielis Cockerell, 1910",Los Angeles,California,34.0643,-118.1884,1926-06-24T00:00:00Z,24,6,1926,PRESERVED_SPECIMEN,USDA-ARS,BBSLID86784,M. Rightmyer 2010,,,C.H. Hicks
Animalia,Arthropoda,Insecta,Hymenoptera,Megachilidae,Osmia,Osmia gabrielis,,"Osmia gabrielis Cockerell, 1910",Los Angeles,California,34.0643,-118.1884,1926-06-24T00:00:00Z,24,6,1926,PRESERVED_SPECIMEN,USDA-ARS,BBSLID86783,M. Rightmyer 2010,,,C.H. Hicks
Animalia,Arthropoda,Insecta,Hymenoptera,Megachilidae,Osmia,Osmia lignaria,,"Osmia lignaria Say, 1837","Los Gatos Canyon, 3 mi N Coalinga",California,36.2024,-120.435,1933-07-01T00:00:00Z,,7,1933,PRESERVED_SPECIMEN,USDA-ARS,BBSLID4992,T.L. Griswold 2005,,,C.A. Hamsher
Animalia,Arthropoda,Insecta,Hymenoptera,Megachilidae,Osmia,Osmia lignaria,,"Osmia lignaria Say, 1837","Los Gatos Canyon, 3 mi N Coalinga",California,36.2024,-120.435,1933-07-01T00:00:00Z,,7,1933,PRESERVED_SPECIMEN,USDA-ARS,BBSLID4982,T.L. Griswold 2005,,,C.A. Hamsher
Animalia,Arthropoda,Insecta,Hymenoptera,Megachilidae,Osmia,Osmia lignaria,,"Osmia lignaria Say, 1837","Los Gatos Canyon, 3 mi N Coalinga",California,36.2024,-120.435,1933-07-01T00:00:00Z,,7,1933,PRESERVED_SPECIMEN,USDA-ARS,BBSLID4981,T.L. Griswold 2005,,,C.A. Hamsher
Animalia,Arthropoda,Insecta,Hymenoptera,Megachilidae,Osmia,Osmia lignaria,,"Osmia lignaria Say, 1837","Los Gatos Canyon, 3 mi N Coalinga",California,36.2024,-120.435,1933-07-01T00:00:00Z,,7,1933,PRESERVED_SPECIMEN,USDA-ARS,BBSLID4959,T.L. Griswold 2005,,,C.A. Hamsher
Animalia,Arthropoda,Insecta,Hymenoptera,Megachilidae,Osmia,Osmia tristella,,"Osmia tristella Cockerell, 1897",Contra Costa County,California,37.93333,-121.93333,1918-06-19T00:00:00Z,19,6,1918,PRESERVED_SPECIMEN,USDA-ARS,BBSLID85623,M. Rightmyer 2011,,,E.R. Leach
Animalia,Arthropoda,Diplopoda,Polydesmida,Paradoxosomatidae,Oxidus,Oxidus gracilis,,"Orthomorpha gracilis (C.L.Koch, 1847)",Los Angeles,California,34.059061,-118.364535,1936-01-01T00:00:00Z,,1,1936,PRESERVED_SPECIMEN,FMNH,FMNHINS 0000 001 956,,,The Field Mueum of Natural History,G. Grant
Animalia,Arthropoda,Diplopoda,Polydesmida,Paradoxosomatidae,Oxidus,Oxidus gracilis,,"Orthomorpha gracilis (C.L.Koch, 1847)",Los Angeles,California,34.059061,-118.364535,1935-10-20T00:00:00Z,20,10,1935,PRESERVED_SPECIMEN,FMNH,FMNHINS 0000 001 952,,,The Field Mueum of Natural History,G. Grant
Animalia,Arthropoda,Insecta,Coleoptera,Haliplidae,Peltodytes,Peltodytes simplex,,"Peltodytes simplex (Leconte, 1952)",Los Angeles,California,34.052234,-118.243685,1935-07-14T00:00:00Z,14,7,1935,PRESERVED_SPECIMEN,FMNH,FMNHINS 0003 768 848,Dr. Frank N. Young : Indiana University,,The Field Mueum of Natural History,G. Grant
Animalia,Arthropoda,Insecta,Coleoptera,Haliplidae,Peltodytes,Peltodytes simplex,,"Peltodytes simplex (Leconte, 1952)",Los Angeles,California,34.052234,-118.243685,1935-07-14T00:00:00Z,14,7,1935,PRESERVED_SPECIMEN,FMNH,FMNHINS 0003 768 851,Dr. Frank N. Young : Indiana University,,The Field Mueum of Natural History,G. Grant
Animalia,Arthropoda,Insecta,Coleoptera,Haliplidae,Peltodytes,Peltodytes simplex,,"Peltodytes simplex (Leconte, 1952)",Los Angeles,California,34.052234,-118.243685,1937-09-05T00:00:00Z,5,9,1937,PRESERVED_SPECIMEN,FMNH,FMNHINS 0003 768 852,Dr. Frank N. Young : Indiana University,,The Field Mueum of Natural History,G. Grant
Animalia,Arthropoda,Insecta,Coleoptera,Haliplidae,Peltodytes,Peltodytes simplex,,"Peltodytes simplex (Leconte, 1952)",Los Angeles,California,34.052234,-118.243685,1935-07-14T00:00:00Z,14,7,1935,PRESERVED_SPECIMEN,FMNH,FMNHINS 0003 768 850,Dr. Frank N. Young : Indiana University,,The Field Mueum of Natural History,G. Grant
Animalia,Arthropoda,Insecta,Coleoptera,Haliplidae,Peltodytes,Peltodytes simplex,,"Peltodytes simplex (Leconte, 1952)",Los Angeles,California,34.052234,-118.243685,1935-07-14T00:00:00Z,14,7,1935,PRESERVED_SPECIMEN,FMNH,FMNHINS 0003 768 849,Dr. Frank N. Young : Indiana University,,The Field Mueum of Natural History,G. Grant
Animalia,Arthropoda,Insecta,Hymenoptera,Pompilidae,Pepsis,Pepsis chrysothemis,,"Pepsis chrysothemis Lucas, 1895",Los Angeles,California,34.059061,-118.364535,1936-05-14T00:00:00Z,14,5,1936,PRESERVED_SPECIMEN,FMNH,FMNHINS 0003 202 453,Dr. Paul D. Hurd Jr. : University of California - Berkeley,1949-01-01T00:00:00Z,The Field Mueum of Natural History,G. Grant
Animalia,Arthropoda,Arachnida,Araneae,Salticidae,Phidippus,Phidippus clarus,,"Phidippus clarus Keyserling, 1885",Los Angeles,California,34.059061,-118.364535,1935-05-30T00:00:00Z,30,5,1935,PRESERVED_SPECIMEN,FMNH,FMNHINS 0003 482 887,Dr. James P. Kase : The Field Museum,2016-01-01T00:00:00Z,The Field Mueum of Natural History,G. Grant
Animalia,Arthropoda,Insecta,Coleoptera,Zopheridae,Phloeodes,Phloeodes plicatus,,"Phloeodes plicatus (LeConte, 1859)",Los Angeles,California,34.052234,-118.243685,1908-03-01T00:00:00Z,1,3,1908,PRESERVED_SPECIMEN,FMNH,FMNHINS 0004 103 057,,,The Field Mueum of Natural History,
Animalia,Arthropoda,Insecta,Hymenoptera,Formicidae,Pogonomyrmex,Pogonomyrmex californicus,,"Pogonomyrmex californicus (Buckley, 1867)",Los Angeles,California,34.052234,-118.243685,1935-05-19T00:00:00Z,19,5,1935,PRESERVED_SPECIMEN,FMNH,FMNHINS 0000 121 683,Dr. Arthur C. Cole : University of Tennessee,1966-01-01T00:00:00Z,The Field Mueum of Natural History,G. Grant
Animalia,Arthropoda,Insecta,Hymenoptera,Formicidae,Pogonomyrmex,Pogonomyrmex californicus,,"Pogonomyrmex californicus (Buckley, 1867)",Los Angeles,California,34.052234,-118.243685,1936-02-26T00:00:00Z,26,2,1936,PRESERVED_SPECIMEN,FMNH,FMNHINS 0000 121 493,,,The Field Mueum of Natural History,G. Grant
Animalia,Arthropoda,Insecta,Hymenoptera,Formicidae,Pogonomyrmex,Pogonomyrmex californicus,,"Pogonomyrmex californicus (Buckley, 1867)",Los Angeles,California,34.052234,-118.243685,1935-06-23T00:00:00Z,23,6,1935,PRESERVED_SPECIMEN,FMNH,FMNHINS 0000 121 703,Dr. Arthur C. Cole : University of Tennessee,1966-01-01T00:00:00Z,The Field Mueum of Natural History,G. Grant
Animalia,Arthropoda,Insecta,Coleoptera,Tenebrionidae,Rhinandrus,Rhinandrus gracilis,distans,"Eleodes gracilis distans Blaisdell, 1909",Los Angeles,California,34.059061,-118.364535,1935-12-22T00:00:00Z,22,12,1935,PRESERVED_SPECIMEN,FMNH,FMNHINS 0004 136 449,,,The Field Mueum of Natural History,G. Grant
Animalia,Arthropoda,Insecta,Coleoptera,Tenebrionidae,Rhinandrus,Rhinandrus gracilis,,"Eleodes gracilis (LeConte, 1858)",Los Angeles County,California,34.075974,-118.232959,1930-08-20T00:00:00Z,20,8,1930,PRESERVED_SPECIMEN,CSU,CSU ENT0003442,F.E. Blaisdell,,Department of Bioagricultural Sciences and Pest Management,unknown
Animalia,Arthropoda,Insecta,Coleoptera,Histeridae,Saprinus,Saprinus lugens,,"Saprinus lugens Erichson, 1834",Los Angeles,California,34.052234,-118.243685,1935-06-30T00:00:00Z,30,6,1935,PRESERVED_SPECIMEN,FMNH,FMNHINS 0003 833 615,,,The Field Mueum of Natural History,G. Grant
Animalia,Arthropoda,Insecta,Coleoptera,Histeridae,Saprinus,Saprinus lugens,,"Saprinus lugens Erichson, 1834",Los Angeles,California,34.052234,-118.243685,1930-03-19T00:00:00Z,19,3,1930,PRESERVED_SPECIMEN,FMNH,FMNHINS 0003 833 626,,,The Field Mueum of Natural History,C. H. Hicks
Animalia,Arthropoda,Insecta,Coleoptera,Histeridae,Saprinus,Saprinus lugens,,"Saprinus lugens Erichson, 1834",Los Angeles,California,34.052234,-118.243685,1935-06-30T00:00:00Z,30,6,1935,PRESERVED_SPECIMEN,FMNH,FMNHINS 0003 833 616,,,The Field Mueum of Natural History,G. Grant
Animalia,Arthropoda,Insecta,Coleoptera,Histeridae,Saprinus,Saprinus lugens,,"Saprinus lugens Erichson, 1834",Los Angeles,California,34.052234,-118.243685,1930-03-19T00:00:00Z,19,3,1930,PRESERVED_SPECIMEN,FMNH,FMNHINS 0003 833 629,,,The Field Mueum of Natural History,C. H. Hicks
Animalia,Arthropoda,Insecta,Coleoptera,Histeridae,Saprinus,Saprinus lugens,,"Saprinus lugens Erichson, 1834",Los Angeles,California,34.052234,-118.243685,1930-03-19T00:00:00Z,19,3,1930,PRESERVED_SPECIMEN,FMNH,FMNHINS 0003 833 624,,,The Field Mueum of Natural History,C. H. Hicks
Animalia,Arthropoda,Insecta,Coleoptera,Histeridae,Saprinus,Saprinus lugens,,"Saprinus lugens Erichson, 1834",Los Angeles,California,34.059061,-118.364535,1936-03-15T00:00:00Z,15,3,1936,PRESERVED_SPECIMEN,FMNH,FMNHINS 0003 833 617,,,The Field Mueum of Natural History,G. Grant
Animalia,Arthropoda,Insecta,Coleoptera,Histeridae,Saprinus,Saprinus lugens,,"Saprinus lugens Erichson, 1834",Los Angeles,California,34.052234,-118.243685,1930-03-19T00:00:00Z,19,3,1930,PRESERVED_SPECIMEN,FMNH,FMNHINS 0003 833 621,,,The Field Mueum of Natural History,C. H. Hicks
Animalia,Arthropoda,Insecta,Coleoptera,Histeridae,Saprinus,Saprinus lugens,,"Saprinus lugens Erichson, 1834",Los Angeles,California,34.059061,-118.364535,1936-03-15T00:00:00Z,15,3,1936,PRESERVED_SPECIMEN,FMNH,FMNHINS 0003 833 618,,,The Field Mueum of Natural History,G. Grant
Animalia,Arthropoda,Insecta,Coleoptera,Histeridae,Saprinus,Saprinus lugens,,"Saprinus lugens Erichson, 1834",Los Angeles,California,34.052234,-118.243685,1930-03-19T00:00:00Z,19,3,1930,PRESERVED_SPECIMEN,FMNH,FMNHINS 0003 833 627,,,The Field Mueum of Natural History,C. H. Hicks
Animalia,Arthropoda,Insecta,Coleoptera,Histeridae,Saprinus,Saprinus lugens,,"Saprinus lugens Erichson, 1834",Los Angeles,California,34.052234,-118.243685,1930-03-19T00:00:00Z,19,3,1930,PRESERVED_SPECIMEN,FMNH,FMNHINS 0003 833 623,,,The Field Mueum of Natural History,C. H. Hicks
Animalia,Arthropoda,Insecta,Coleoptera,Histeridae,Saprinus,Saprinus lugens,,"Saprinus lugens Erichson, 1834",Los Angeles,California,34.052234,-118.243685,1930-03-19T00:00:00Z,19,3,1930,PRESERVED_SPECIMEN,FMNH,FMNHINS 0003 833 625,,,The Field Mueum of Natural History,C. H. Hicks
Animalia,Arthropoda,Insecta,Coleoptera,Histeridae,Saprinus,Saprinus lugens,,"Saprinus lugens Erichson, 1834",Los Angeles,California,34.059061,-118.364535,1936-03-15T00:00:00Z,15,3,1936,PRESERVED_SPECIMEN,FMNH,FMNHINS 0003 833 619,,,The Field Mueum of Natural History,G. Grant
Animalia,Arthropoda,Insecta,Coleoptera,Histeridae,Saprinus,Saprinus lugens,,"Saprinus lugens Erichson, 1834",Los Angeles,California,34.052234,-118.243685,1930-03-19T00:00:00Z,19,3,1930,PRESERVED_SPECIMEN,FMNH,FMNHINS 0003 833 622,,,The Field Mueum of Natural History,C. H. Hicks
Animalia,Arthropoda,Insecta,Coleoptera,Histeridae,Saprinus,Saprinus lugens,,"Saprinus lugens Erichson, 1834",Los Angeles,California,34.059061,-118.364535,1936-03-15T00:00:00Z,15,3,1936,PRESERVED_SPECIMEN,FMNH,FMNHINS 0003 833 620,,,The Field Mueum of Natural History,G. Grant
Animalia,Arthropoda,Insecta,Coleoptera,Histeridae,Saprinus,Saprinus lugens,,"Saprinus lugens Erichson, 1834",Los Angeles,California,34.052234,-118.243685,1930-03-19T00:00:00Z,19,3,1930,PRESERVED_SPECIMEN,FMNH,FMNHINS 0003 833 630,,,The Field Mueum of Natural History,C. H. Hicks
Animalia,Arthropoda,Insecta,Coleoptera,Histeridae,Saprinus,Saprinus lugens,,"Saprinus lugens Erichson, 1834",Los Angeles,California,34.052234,-118.243685,1926-07-10T00:00:00Z,10,7,1926,PRESERVED_SPECIMEN,FMNH,FMNHINS 0003 833 841,,,The Field Mueum of Natural History,C. H. Hicks
Animalia,Arthropoda,Insecta,Coleoptera,Histeridae,Saprinus,Saprinus lugens,,"Saprinus lugens Erichson, 1834",Los Angeles,California,34.052234,-118.243685,1930-03-19T00:00:00Z,19,3,1930,PRESERVED_SPECIMEN,FMNH,FMNHINS 0003 833 628,,,The Field Mueum of Natural History,C. H. Hicks
Animalia,Arthropoda,Chilopoda,Scolopendromorpha,Scolopocryptopidae,Scolopocryptops,Scolopocryptops sexspinosus,,"Scolopocryptops sexspinosus Say, 1821",Los Angeles,California,34.059061,-118.364535,1936-04-05T00:00:00Z,5,4,1936,PRESERVED_SPECIMEN,FMNH,FMNHINS 0002 820 607,,,The Field Mueum of Natural History,G. Grant
Animalia,Arthropoda,Chilopoda,Scolopendromorpha,Scolopocryptopidae,Scolopocryptops,Scolopocryptops sexspinosus,,"Scolopocryptops sexspinosus Say, 1821",Los Angeles,California,34.059061,-118.364535,1936-12-22T00:00:00Z,22,12,1936,PRESERVED_SPECIMEN,FMNH,FMNHINS 0002 820 603,,,The Field Mueum of Natural History,G. Grant
Animalia,Arthropoda,Insecta,Hymenoptera,Mutillidae,Sphaeropthalma,Sphaeropthalma unicolor,,Sphaeropthalma unicolor,Los Angeles,California,33.913616,-118.087997,1935-04-01T00:00:00Z,,4,1935,PRESERVED_SPECIMEN,FMNH,FMNHINS 0003 203 881,Dr. James P. Pitts : Utah State University,2015-01-01T00:00:00Z,The Field Mueum of Natural History,G. Grant
Animalia,Arthropoda,Insecta,Hymenoptera,Megachilidae,Stelis,Stelis laticincta,,"Stelis laticincta Cresson, 1878","Sierra Madre, near Los Angeles",California,34.1634,-118.0528,1916-08-23T00:00:00Z,23,8,1916,PRESERVED_SPECIMEN,USDA-ARS,NewY0016,,,,
Animalia,Arthropoda,Insecta,Hymenoptera,Megachilidae,Stelis,Stelis laticincta,,"Stelis laticincta Cresson, 1878",Los Angeles,California,34.0643,-118.1884,1912-06-30T00:00:00Z,30,6,1912,PRESERVED_SPECIMEN,USDA-ARS,Wash0005,,,,J.C. Bridwell
Animalia,Arthropoda,Insecta,Coleoptera,Dytiscidae,Stictotarsus,Stictotarsus striatellus,,"Stictotarsus striatellus (LeConte, 1852)",Los Angeles,California,34.052234,-118.243685,1935-07-14T00:00:00Z,14,7,1935,PRESERVED_SPECIMEN,FMNH,FMNHINS 0003 568 084,,,The Field Mueum of Natural History,G. Grant
Animalia,Arthropoda,Insecta,Coleoptera,Dytiscidae,Stictotarsus,Stictotarsus striatellus,,"Stictotarsus striatellus (LeConte, 1852)",Los Angeles,California,34.052234,-118.243685,1935-07-14T00:00:00Z,14,7,1935,PRESERVED_SPECIMEN,FMNH,FMNHINS 0003 568 082,,,The Field Mueum of Natural History,G. Grant
Animalia,Arthropoda,Insecta,Coleoptera,Dytiscidae,Stictotarsus,Stictotarsus striatellus,,"Stictotarsus striatellus (LeConte, 1852)",Los Angeles,California,34.052234,-118.243685,1935-07-14T00:00:00Z,14,7,1935,PRESERVED_SPECIMEN,FMNH,FMNHINS 0003 568 085,,,The Field Mueum of Natural History,G. Grant
Animalia,Arthropoda,Insecta,Coleoptera,Dytiscidae,Stictotarsus,Stictotarsus striatellus,,"Stictotarsus striatellus (LeConte, 1852)",Los Angeles,California,34.052234,-118.243685,1935-07-14T00:00:00Z,14,7,1935,PRESERVED_SPECIMEN,FMNH,FMNHINS 0003 568 083,,,The Field Mueum of Natural History,G. Grant
Animalia,Arthropoda,Insecta,Coleoptera,Dytiscidae,Stictotarsus,Stictotarsus striatellus,,"Stictotarsus striatellus (LeConte, 1852)",Los Angeles,California,34.052234,-118.243685,1935-07-14T00:00:00Z,14,7,1935,PRESERVED_SPECIMEN,FMNH,FMNHINS 0003 568 086,,,The Field Mueum of Natural History,G. Grant
Animalia,Arthropoda,Insecta,Coleoptera,Dytiscidae,Stictotarsus,Stictotarsus striatellus,,"Stictotarsus striatellus (LeConte, 1852)",Los Angeles,California,34.052234,-118.243685,1935-07-14T00:00:00Z,14,7,1935,PRESERVED_SPECIMEN,FMNH,FMNHINS 0003 568 081,,,The Field Mueum of Natural History,G. Grant
Animalia,Arthropoda,Insecta,Diptera,Tabanidae,Tabanus,Tabanus punctifer,,"Tabanus punctifer Osten Sacken, 1876",Los Angeles,California,34.059061,-118.364535,1935-10-13T00:00:00Z,13,10,1935,PRESERVED_SPECIMEN,FMNH,FMNHINS 0004 100 867,Dr. Cornelius B. Philip : Rocky Mountain Laboratory,1952-01-01T00:00:00Z,The Field Mueum of Natural History,G. Grant
Animalia,Arthropoda,Chilopoda,Geophilomorpha,Geophilidae,Taiyuna,Taiyuna occidentalis,,"Taiyuna occidentalis F.Meinert, 1886",Los Angeles,California,34.059061,-118.364535,1936-05-04T00:00:00Z,4,5,1936,PRESERVED_SPECIMEN,FMNH,FMNHINS 0000 096 013,,,The Field Mueum of Natural History,G. Grant
Animalia,Arthropoda,Insecta,Coleoptera,Silphidae,Thanatophilus,Thanatophilus lapponicus,,"Thanatophilus lapponicus (Herbst, 1793)",Los Angeles,California,34.059061,-118.364535,1936-03-15T00:00:00Z,15,3,1936,PRESERVED_SPECIMEN,FMNH,FMNHINS 0000 081 769,,,The Field Mueum of Natural History,G. Grant
Animalia,Arthropoda,Insecta,Coleoptera,Silphidae,Thanatophilus,Thanatophilus lapponicus,,"Thanatophilus lapponicus (Herbst, 1793)",Los Angeles,California,34.059061,-118.364535,1936-03-15T00:00:00Z,15,3,1936,PRESERVED_SPECIMEN,FMNH,FMNHINS 0000 081 766,,,The Field Mueum of Natural History,G. Grant
Animalia,Arthropoda,Insecta,Coleoptera,Silphidae,Thanatophilus,Thanatophilus lapponicus,,"Thanatophilus lapponicus (Herbst, 1793)",Los Angeles,California,34.059061,-118.364535,1936-03-15T00:00:00Z,15,3,1936,PRESERVED_SPECIMEN,FMNH,FMNHINS 0000 081 768,,,The Field Mueum of Natural History,G. Grant
Animalia,Arthropoda,Insecta,Coleoptera,Silphidae,Thanatophilus,Thanatophilus lapponicus,,"Thanatophilus lapponicus (Herbst, 1793)",Los Angeles,California,34.059061,-118.364535,1936-03-15T00:00:00Z,15,3,1936,PRESERVED_SPECIMEN,FMNH,FMNHINS 0000 081 767,,,The Field Mueum of Natural History,G. Grant
Animalia,Arthropoda,Insecta,Coleoptera,Silphidae,Thanatophilus,Thanatophilus lapponicus,,"Thanatophilus lapponicus (Herbst, 1793)",Los Angeles,California,34.059061,-118.364535,1936-03-15T00:00:00Z,15,3,1936,PRESERVED_SPECIMEN,FMNH,FMNHINS 0000 081 770,,,The Field Mueum of Natural History,G. Grant
Animalia,Arthropoda,Insecta,Coleoptera,Hydrophilidae,Tropisternus,Tropisternus californicus,,"Tropisternus californicus (LeConte & J.L., 1855)",Los Angeles,California,34.052234,-118.243685,1935-07-14T00:00:00Z,14,7,1935,PRESERVED_SPECIMEN,FMNH,FMNHINS 0003 733 953,,,The Field Mueum of Natural History,G. Grant
Animalia,Arthropoda,Insecta,Coleoptera,Hydrophilidae,Tropisternus,Tropisternus californicus,,"Tropisternus californicus (LeConte & J.L., 1855)",Los Angeles,California,34.052234,-118.243685,1935-07-14T00:00:00Z,14,7,1935,PRESERVED_SPECIMEN,FMNH,FMNHINS 0003 733 954,,,The Field Mueum of Natural History,G. Grant
Animalia,Arthropoda,Insecta,Coleoptera,Hydrophilidae,Tropisternus,Tropisternus californicus,,"Tropisternus californicus (LeConte & J.L., 1855)",Los Angeles,California,34.052234,-118.243685,1935-07-14T00:00:00Z,14,7,1935,PRESERVED_SPECIMEN,FMNH,FMNHINS 0003 733 952,,,The Field Mueum of Natural History,G. Grant
Animalia,Arthropoda,Insecta,Coleoptera,Hydrophilidae,Tropisternus,Tropisternus californicus,,"Tropisternus californicus (LeConte & J.L., 1855)",Los Angeles,California,34.052234,-118.243685,1935-06-16T00:00:00Z,16,6,1935,PRESERVED_SPECIMEN,FMNH,FMNHINS 0003 733 951,,,The Field Mueum of Natural History,G. Grant
Animalia,Arthropoda,Insecta,Coleoptera,Hydrophilidae,Tropisternus,Tropisternus californicus,,"Tropisternus californicus (LeConte & J.L., 1855)",Los Angeles,California,34.052234,-118.243685,1935-07-07T00:00:00Z,7,7,1935,PRESERVED_SPECIMEN,FMNH,FMNHINS 0003 733 950,,,The Field Mueum of Natural History,G. Grant
Animalia,Arthropoda,Insecta,Coleoptera,Histeridae,Xerosaprinus,Xerosaprinus lubricus,,"Xerosaprinus lubricus (J.L.LeConte, 1851)",Los Angeles,California,34.059061,-118.364535,1936-03-15T00:00:00Z,15,3,1936,PRESERVED_SPECIMEN,FMNH,FMNHINS 0003 852 695,Dr. Rupert L. Wenzel : Field Museum of Natural History - Insects,1950-01-01T00:00:00Z,The Field Mueum of Natural History,G. Grant
Animalia,Arthropoda,Insecta,Coleoptera,Histeridae,Xerosaprinus,Xerosaprinus lubricus,,"Xerosaprinus lubricus (J.L.LeConte, 1851)",Los Angeles,California,34.052234,-118.243685,1935-06-30T00:00:00Z,30,6,1935,PRESERVED_SPECIMEN,FMNH,FMNHINS 0003 852 607,,,The Field Mueum of Natural History,G. Grant
Animalia,Arthropoda,Insecta,Coleoptera,Histeridae,Xerosaprinus,Xerosaprinus lubricus,,"Xerosaprinus lubricus (J.L.LeConte, 1851)",Los Angeles,California,34.059061,-118.364535,1936-03-15T00:00:00Z,15,3,1936,PRESERVED_SPECIMEN,FMNH,FMNHINS 0003 852 609,,,The Field Mueum of Natural History,G. Grant
Animalia,Arthropoda,Insecta,Coleoptera,Histeridae,Xerosaprinus,Xerosaprinus lubricus,,"Xerosaprinus lubricus (J.L.LeConte, 1851)",Los Angeles,California,34.059061,-118.364535,1936-03-15T00:00:00Z,15,3,1936,PRESERVED_SPECIMEN,FMNH,FMNHINS 0003 852 608,,,The Field Mueum of Natural History,G. Grant
Animalia,Arthropoda,Insecta,Coleoptera,Tenebrionidae,Coniontis,,,"Coniontis Eschscholtz, 1829",Los Angeles,California,34.059061,-118.364535,1936-05-07T00:00:00Z,7,5,1936,PRESERVED_SPECIMEN,FMNH,FMNHINS 0004 117 720,,,The Field Mueum of Natural History,G. Grant
Animalia,Arthropoda,Insecta,Coleoptera,Tenebrionidae,Coniontis,,,"Coniontis Eschscholtz, 1829",Los Angeles,California,34.059061,-118.364535,1936-04-26T00:00:00Z,26,4,1936,PRESERVED_SPECIMEN,FMNH,FMNHINS 0004 117 723,,,The Field Mueum of Natural History,G. Grant
Animalia,Arthropoda,Insecta,Coleoptera,Tenebrionidae,Coniontis,,,"Coniontis Eschscholtz, 1829",Los Angeles,California,34.059061,-118.364535,1935-09-02T00:00:00Z,2,9,1935,PRESERVED_SPECIMEN,FMNH,FMNHINS 0004 117 697,,,The Field Mueum of Natural History,G. Grant
Animalia,Arthropoda,Insecta,Coleoptera,Tenebrionidae,Coniontis,,,"Coniontis Eschscholtz, 1829",Los Angeles,California,34.059061,-118.364535,1935-01-01T00:00:00Z,,,1935,PRESERVED_SPECIMEN,FMNH,FMNHINS 0004 117 698,,,The Field Mueum of Natural History,G. Grant
Animalia,Arthropoda,Insecta,Coleoptera,Tenebrionidae,Metoponium,,,"Metoponium Casey, 1907",Los Angeles,California,34.052234,-118.243685,1935-12-15T00:00:00Z,15,12,1935,PRESERVED_SPECIMEN,FMNH,FMNHINS 0004 118 129,,,The Field Mueum of Natural History,G. Grant
Animalia,Arthropoda,Insecta,Coleoptera,Tenebrionidae,Metoponium,,,"Metoponium Casey, 1907",Los Angeles,California,34.052234,-118.243685,1935-12-15T00:00:00Z,15,12,1935,PRESERVED_SPECIMEN,FMNH,FMNHINS 0004 118 128,,,The Field Mueum of Natural History,G. Grant
Animalia,Arthropoda,Insecta,Hymenoptera,Scoliidae,,,,Scoliidae,Los Angeles,California,34.059061,-118.364535,1935-10-27T00:00:00Z,27,10,1935,PRESERVED_SPECIMEN,FMNH,FMNHINS 0003 199 034,Dr. Douglas Yanega : University of California - Riverside,1994-01-01T00:00:00Z,The Field Mueum of Natural History,G. Grant
Animalia,Arthropoda,Insecta,Hymenoptera,Mutillidae,Pseudomethoca,,,"Pseudomethoca Ashmead, 1896",Los Angeles,California,34.059061,-118.364535,1935-09-01T00:00:00Z,1,9,1935,PRESERVED_SPECIMEN,FMNH,FMNHINS 0003 203 212,K. A. Williams : Florida State Collection of Arthropods,2007-01-01T00:00:00Z,The Field Mueum of Natural History,G. Grant
Animalia,Arthropoda,Insecta,Hymenoptera,Mutillidae,Pseudomethoca,,,"Pseudomethoca Ashmead, 1896",Los Angeles,California,34.059061,-118.364535,1935-09-01T00:00:00Z,1,9,1935,PRESERVED_SPECIMEN,FMNH,FMNHINS 0003 203 211,K. A. Williams : Florida State Collection of Arthropods,2007-01-01T00:00:00Z,The Field Mueum of Natural History,G. Grant
Animalia,Arthropoda,Insecta,Hymenoptera,Mutillidae,Pseudomethoca,,,"Pseudomethoca Ashmead, 1896",Los Angeles,California,34.052234,-118.243685,1936-03-22T00:00:00Z,22,3,1936,PRESERVED_SPECIMEN,FMNH,FMNHINS 0003 203 213,K. A. Williams : Florida State Collection of Arthropods,2007-01-01T00:00:00Z,The Field Mueum of Natural History,G. Grant
Animalia,Arthropoda,Insecta,Hymenoptera,Mutillidae,Dasymutilla,,,"Dasymutilla Ashmead, 1899",Orange County Park,California,33.673768,-117.736169,1908-06-27T00:00:00Z,27,6,1908,PRESERVED_SPECIMEN,FMNH,FMNHINS 0003 204 489,K. A. Williams : Florida State Collection of Arthropods,2007-01-01T00:00:00Z,The Field Mueum of Natural History,C. A. Hill
Animalia,Arthropoda,Insecta,Hymenoptera,Mutillidae,Dasymutilla,,,"Dasymutilla Ashmead, 1899",Los Angeles,California,34.059061,-118.364535,1907-08-13T00:00:00Z,13,8,1907,PRESERVED_SPECIMEN,FMNH,FMNHINS 0003 204 505,K. A. Williams : Florida State Collection of Arthropods,2007-01-01T00:00:00Z,The Field Mueum of Natural History,
Animalia,Arthropoda,Insecta,Hymenoptera,Mutillidae,Dasymutilla,,,"Dasymutilla Ashmead, 1899",Los Angeles,California,34.059061,-118.364535,1907-08-13T00:00:00Z,13,8,1907,PRESERVED_SPECIMEN,FMNH,FMNHINS 0003 204 506,K. A. Williams : Florida State Collection of Arthropods,2007-01-01T00:00:00Z,The Field Mueum of Natural History,
Animalia,Arthropoda,Insecta,Coleoptera,Dytiscidae,,,,Dytiscidae,Los Angeles,California,34.059061,-118.364535,1935-10-27T00:00:00Z,27,10,1935,PRESERVED_SPECIMEN,FMNH,FMNHINS 0003 527 666,,,The Field Mueum of Natural History,G. Grant
Animalia,Arthropoda,Insecta,Coleoptera,Dytiscidae,,,,Dytiscidae,Los Angeles,California,34.059061,-118.364535,1935-10-27T00:00:00Z,27,10,1935,PRESERVED_SPECIMEN,FMNH,FMNHINS 0003 527 665,,,The Field Mueum of Natural History,G. Grant
Animalia,Arthropoda,Insecta,Coleoptera,Dytiscidae,,,,Dytiscidae,Los Angeles,California,34.059061,-118.364535,1935-10-27T00:00:00Z,27,10,1935,PRESERVED_SPECIMEN,FMNH,FMNHINS 0003 527 664,,,The Field Mueum of Natural History,G. Grant
Animalia,Arthropoda,Insecta,Odonata,Libellulidae,Anisoptera,,,Anisoptera,Los Angeles,California,34.052234,-118.243685,1935-08-04T00:00:00Z,4,8,1935,PRESERVED_SPECIMEN,FMNH,FMNHINS 0003 466 741,,,The Field Mueum of Natural History,G. Grant
Animalia,Arthropoda,Insecta,Hymenoptera,Tenthredinidae,Dolerus,,,"Dolerus Panzer, 1801",Los Angeles,California,34.059061,-118.364535,1937-09-06T00:00:00Z,6,9,1937,PRESERVED_SPECIMEN,FMNH,FMNHINS 0003 386 873,Dr. Gary A. P. Gibson : Canadian Department of Agriculture,1978-01-01T00:00:00Z,The Field Mueum of Natural History,G. Grant
Animalia,Arthropoda,Insecta,Hymenoptera,Bembicidae,,,,Bembicidae,Los Angeles,California,34.052234,-118.243685,1935-07-04T00:00:00Z,4,7,1935,PRESERVED_SPECIMEN,FMNH,FMNHINS 0003 387 791,,,The Field Mueum of Natural History,G. Grant
Animalia,Arthropoda,Insecta,Hymenoptera,Cynipidae,Andricus,,,"Andricus Hartig, 1840","Los Angeles, Tujunga",California,34.257971,-118.287638,1931-04-08T00:00:00Z,8,4,1931,PRESERVED_SPECIMEN,FMNH,FMNHINS 0003 370 967,,,The Field Mueum of Natural History,
Animalia,Arthropoda,Insecta,Hymenoptera,Cynipidae,Andricus,,,"Andricus Hartig, 1840","Los Angeles, Tujunga",California,34.257971,-118.287638,1932-03-26T00:00:00Z,26,3,1932,PRESERVED_SPECIMEN,FMNH,FMNHINS 0003 370 966,,,The Field Mueum of Natural History,
Animalia,Arthropoda,Insecta,Hymenoptera,Cynipidae,Andricus,,,"Andricus Hartig, 1840","Los Angeles, Tujunga",California,34.257971,-118.287638,1932-03-26T00:00:00Z,26,3,1932,PRESERVED_SPECIMEN,FMNH,FMNHINS 0003 370 965,,,The Field Mueum of Natural History,
Animalia,Arthropoda,Insecta,Hymenoptera,Formicidae,Pheidole,,,"Pheidole Westwood, 1839",Los Angeles,California,34.052234,-118.243685,1935-05-30T00:00:00Z,30,5,1935,PRESERVED_SPECIMEN,FMNH,FMNHINS 0000 121 679,,,The Field Mueum of Natural History,G. Grant
Animalia,Arthropoda,Insecta,Hymenoptera,Formicidae,Pogonomyrmex,,,"Pogonomyrmex Mayr, 1868",Los Angeles,California,34.052234,-118.243685,1935-07-04T00:00:00Z,4,7,1935,PRESERVED_SPECIMEN,FMNH,FMNHINS 0000 121 489,Mr. Gordon Grant,1935-01-01T00:00:00Z,The Field Mueum of Natural History,G. Grant
Animalia,Arthropoda,Insecta,Hymenoptera,Formicidae,Pogonomyrmex,,,"Pogonomyrmex Mayr, 1868","Los Angeles, Elysian Park",California,34.084459,-118.239509,1937-09-14T00:00:00Z,14,9,1937,PRESERVED_SPECIMEN,FMNH,FMNHINS 0000 121 485,Mr. Gordon Grant,,The Field Mueum of Natural History,G. Grant
Animalia,Arthropoda,Insecta,Hymenoptera,Formicidae,Pogonomyrmex,,,"Pogonomyrmex Mayr, 1868",Los Angeles,California,34.052234,-118.243685,1936-03-08T00:00:00Z,8,3,1936,PRESERVED_SPECIMEN,FMNH,FMNHINS 0000 121 484,Mr. Gordon Grant,1936-01-01T00:00:00Z,The Field Mueum of Natural History,G. Grant
Animalia,Arthropoda,Insecta,Hymenoptera,Formicidae,Formica,,,"Formica Linnaeus, 1758",Los Angeles,California,34.052234,-118.243685,1936-03-08T00:00:00Z,8,3,1936,PRESERVED_SPECIMEN,FMNH,FMNHINS 0000 120 123,,1936-01-01T00:00:00Z,The Field Mueum of Natural History,G. Grant
Animalia,Arthropoda,Insecta,Hymenoptera,Formicidae,Formica,,,"Formica Linnaeus, 1758",Los Angeles,California,34.052234,-118.243685,1936-03-01T00:00:00Z,1,3,1936,PRESERVED_SPECIMEN,FMNH,FMNHINS 0000 120 120,Mr. Gordon Grant,,The Field Mueum of Natural History,G. Grant
Animalia,Arthropoda,Insecta,Hymenoptera,Formicidae,Formica,,,"Formica Linnaeus, 1758",Los Angeles,California,34.052234,-118.243685,1935-08-04T00:00:00Z,4,8,1935,PRESERVED_SPECIMEN,FMNH,FMNHINS 0000 120 122,,1935-01-01T00:00:00Z,The Field Mueum of Natural History,G. Grant
Animalia,Arthropoda,Insecta,Hymenoptera,Formicidae,Iridomyrmex,,,"Iridomyrmex Mayr, 1862",Los Angeles,California,34.052234,-118.243685,1936-05-27T00:00:00Z,27,5,1936,PRESERVED_SPECIMEN,FMNH,FMNHINS 0000 119 934,,,The Field Mueum of Natural History,G. Grant
Animalia,Arthropoda,Insecta,Hymenoptera,Formicidae,Iridomyrmex,,,"Iridomyrmex Mayr, 1862",Los Angeles,California,34.052234,-118.243685,1935-12-01T00:00:00Z,1,12,1935,PRESERVED_SPECIMEN,FMNH,FMNHINS 0000 119 767,,1936-01-01T00:00:00Z,The Field Mueum of Natural History,G. Grant
Animalia,Arthropoda,Insecta,Hymenoptera,Formicidae,Iridomyrmex,,,"Iridomyrmex Mayr, 1862",Los Angeles,California,34.052234,-118.243685,1935-05-26T00:00:00Z,26,5,1935,PRESERVED_SPECIMEN,FMNH,FMNHINS 0000 119 762,,1935-01-01T00:00:00Z,The Field Mueum of Natural History,G. Grant
Animalia,Arthropoda,Insecta,Hymenoptera,Formicidae,Iridomyrmex,,,"Iridomyrmex Mayr, 1862",Los Angeles,California,34.052234,-118.243685,1935-05-05T00:00:00Z,5,5,1935,PRESERVED_SPECIMEN,FMNH,FMNHINS 0000 119 761,,1935-01-01T00:00:00Z,The Field Mueum of Natural History,G. Grant
Animalia,Arthropoda,Insecta,Hymenoptera,Formicidae,Iridomyrmex,,,"Iridomyrmex Mayr, 1862",Los Angeles,California,34.052234,-118.243685,1935-06-16T00:00:00Z,16,6,1935,PRESERVED_SPECIMEN,FMNH,FMNHINS 0000 119 781,,1935-01-01T00:00:00Z,The Field Mueum of Natural History,G. Grant
Animalia,Arthropoda,Insecta,Blattodea,,,,,Blattodea,Los Angeles,California,34.059061,-118.364535,1935-01-01T00:00:00Z,,,1935,PRESERVED_SPECIMEN,FMNH,FMNHINS 0002 841 039,,,The Field Mueum of Natural History,G. Grant
Animalia,Arthropoda,Insecta,Blattodea,,,,,Blattodea,Los Angeles,California,34.059061,-118.364535,1935-01-01T00:00:00Z,,,1935,PRESERVED_SPECIMEN,FMNH,FMNHINS 0002 841 040,,,The Field Mueum of Natural History,G. Grant
Animalia,Arthropoda,Insecta,Blattodea,,,,,Blattodea,Los Angeles,California,34.059061,-118.364535,1935-01-01T00:00:00Z,,,1935,PRESERVED_SPECIMEN,FMNH,FMNHINS 0002 841 041,,,The Field Mueum of Natural History,G. Grant
Animalia,Arthropoda,Insecta,Hymenoptera,Formicidae,Solenopsis,,,"Solenopsis Westwood, 1840",Los Angeles,California,34.052234,-118.243685,1936-03-22T00:00:00Z,22,3,1936,PRESERVED_SPECIMEN,FMNH,FMNHINS 0000 121 981,,,The Field Mueum of Natural History,G. Grant
Animalia,Arthropoda,Insecta,Hymenoptera,Formicidae,Solenopsis,,,"Solenopsis Westwood, 1840",Los Angeles,California,34.052234,-118.243685,1935-06-22T00:00:00Z,22,6,1935,PRESERVED_SPECIMEN,FMNH,FMNHINS 0000 121 984,,,The Field Mueum of Natural History,G. Grant
Animalia,Arthropoda,Insecta,Hymenoptera,Formicidae,Tapinoma,,,"Tapinoma Foerster, 1850",Los Angeles,California,34.052234,-118.243685,1936-03-22T00:00:00Z,22,3,1936,PRESERVED_SPECIMEN,FMNH,FMNHINS 0000 119 965,,,The Field Mueum of Natural History,G. Grant
Animalia,Arthropoda,Insecta,Hymenoptera,Formicidae,Solenopsis,,,"Solenopsis Westwood, 1840",Los Angeles,California,34.052234,-118.243685,1936-03-01T00:00:00Z,1,3,1936,PRESERVED_SPECIMEN,FMNH,FMNHINS 0000 121 970,,,The Field Mueum of Natural History,G. Grant
Animalia,Arthropoda,Chilopoda,Lithobiomorpha,Lithobiidae,Gosibius,,,"Gosibius Chamberlin, 1912",Los Angeles,California,34.059061,-118.364535,1935-07-15T00:00:00Z,15,7,1935,PRESERVED_SPECIMEN,FMNH,FMNHINS 0000 096 156,,,The Field Mueum of Natural History,G. Grant
Animalia,Arthropoda,Diplopoda,Julida,Parajulidae,Codiulus,,,"Codiulus Chamberlin, 1940",Los Angeles,California,34.059061,-118.364535,1936-01-01T00:00:00Z,1,1,1936,PRESERVED_SPECIMEN,FMNH,FMNHINS 0000 001 204,,,The Field Mueum of Natural History,G. Grant